invoice_id,flagged,error_category,expected_total_cents,billed_total_cents,confidence
INV-H2-000001,1,Low Confidence Mapping,1367425,1562227,0.2
INV-H2-000002,1,Low Confidence Mapping,2600700,3209350,0.19
INV-H2-000003,1,Low Confidence Mapping,1413725,2215650,0.19
INV-H2-000004,1,Low Confidence Mapping,2742825,3434580,0.2
INV-H2-000005,1,Low Confidence Mapping,3936700,1887000,0.22
INV-H2-000006,1,Low Confidence Mapping,2614525,2905616,0.19
INV-H2-000007,1,Low Confidence Mapping,2749100,2120830,0.19
INV-H2-000008,1,Low Confidence Mapping,885475,1117300,0.19
INV-H2-000009,1,Low Confidence Mapping,1325625,2109715,0.19
INV-H2-000010,1,Low Confidence Mapping,3172450,5027175,0.19
INV-H2-000011,1,Low Confidence Mapping,1803375,2230050,0.2
INV-H2-000012,1,Low Confidence Mapping,819925,1365950,0.22
INV-H2-000013,1,Low Confidence Mapping,2351875,2748025,0.19
INV-H2-000014,1,Low Confidence Mapping,1061300,2026480,0.2
INV-H2-000015,1,Low Confidence Mapping,1960275,3265271,0.2
INV-H2-000016,1,Low Confidence Mapping,1535650,3222650,0.2
INV-H2-000017,1,Low Confidence Mapping,3259600,3403600,0.19
INV-H2-000018,1,Low Confidence Mapping,2900050,3343125,0.18
INV-H2-000019,1,Low Confidence Mapping,1760775,2170800,0.2
INV-H2-000020,1,Low Confidence Mapping,5045125,3676525,0.2
INV-H2-000021,1,Low Confidence Mapping,2917925,3182650,0.2
INV-H2-000022,1,Low Confidence Mapping,4226550,4508450,0.19
INV-H2-000023,1,Low Confidence Mapping,2476300,2161250,0.2
INV-H2-000024,1,Low Confidence Mapping,2918850,4052564,0.2
INV-H2-000025,1,Low Confidence Mapping,2096775,2670700,0.19
INV-H2-000026,1,Low Confidence Mapping,2021250,2129225,0.19
INV-H2-000027,1,Low Confidence Mapping,4292700,4051625,0.19
INV-H2-000028,1,Low Confidence Mapping,2633875,3711681,0.18
INV-H2-000029,1,Low Confidence Mapping,1520775,2935775,0.19
INV-H2-000030,1,Low Confidence Mapping,958100,1661900,0.2
INV-H2-000031,1,Low Confidence Mapping,691650,1033775,0.2
INV-H2-000032,1,Low Confidence Mapping,2905900,3807325,0.19
INV-H2-000033,1,Low Confidence Mapping,5506400,2413432,0.19
INV-H2-000034,1,Low Confidence Mapping,2099625,3110520,0.19
INV-H2-000035,1,Low Confidence Mapping,1727175,1918666,0.18
INV-H2-000036,1,Low Confidence Mapping,2733225,1734643,0.2
INV-H2-000037,1,Low Confidence Mapping,486900,851304,0.2
INV-H2-000038,1,Low Confidence Mapping,2780075,2530615,0.2
INV-H2-000039,1,Low Confidence Mapping,2309650,2742525,0.17
INV-H2-000040,1,Low Confidence Mapping,5611025,3317176,0.2
INV-H2-000041,1,Low Confidence Mapping,467225,1416025,0.2
INV-H2-000042,1,Low Confidence Mapping,2550475,2648275,0.18
INV-H2-000043,1,Low Confidence Mapping,5840375,2887910,0.2
INV-H2-000044,1,Low Confidence Mapping,1161275,2090343,0.18
INV-H2-000045,1,Low Confidence Mapping,3075350,3341612,0.2
INV-H2-000046,1,Low Confidence Mapping,5729875,3695616,0.19
INV-H2-000047,1,Low Confidence Mapping,2866900,2089808,0.18
INV-H2-000048,1,Low Confidence Mapping,852950,1148850,0.18
INV-H2-000049,1,Low Confidence Mapping,1646475,1738588,0.19
INV-H2-000050,1,Low Confidence Mapping,1379750,1662879,0.19
INV-H2-000051,1,Low Confidence Mapping,3386325,2608625,0.18
INV-H2-000052,1,Low Confidence Mapping,2053275,2851444,0.17
INV-H2-000053,1,Low Confidence Mapping,1945375,2370600,0.19
INV-H2-000055,1,Low Confidence Mapping,4873050,2926577,0.17
INV-H2-000056,1,Low Confidence Mapping,562650,1625475,0.19
INV-H2-000057,1,Low Confidence Mapping,1957750,3320487,0.2
INV-H2-000058,1,Low Confidence Mapping,2789875,3263975,0.19
INV-H2-000059,1,Low Confidence Mapping,1703575,1840438,0.2
INV-H2-000060,1,Low Confidence Mapping,6265675,4650162,0.19
INV-H2-000061,1,Low Confidence Mapping,2095475,4636871,0.18
INV-H2-000062,1,Low Confidence Mapping,2931250,2715547,0.19
INV-H2-000063,1,Low Confidence Mapping,5539025,1962163,0.2
INV-H2-000064,1,Low Confidence Mapping,4797150,4804408,0.18
INV-H2-000065,1,Low Confidence Mapping,2947700,4090090,0.2
INV-H2-000066,1,Low Confidence Mapping,3567825,4551702,0.2
INV-H2-000067,1,Low Confidence Mapping,2422075,3986872,0.18
INV-H2-000068,1,Low Confidence Mapping,2077325,2625251,0.18
INV-H2-000069,1,Low Confidence Mapping,1178475,2863675,0.21
INV-H2-000070,1,Low Confidence Mapping,2058400,2364178,0.19
INV-H2-000071,1,Low Confidence Mapping,971750,1194005,0.2
INV-H2-000072,1,Low Confidence Mapping,1252975,1542567,0.19
INV-H2-000073,1,Low Confidence Mapping,4067075,4659849,0.2
INV-H2-000074,1,Low Confidence Mapping,4147600,4990685,0.18
INV-H2-000075,1,Low Confidence Mapping,1988775,2409213,0.19
INV-H2-000076,1,Low Confidence Mapping,1122750,2055003,0.18
INV-H2-000077,1,Low Confidence Mapping,1020450,965993,0.19
INV-H2-000079,1,Low Confidence Mapping,396875,858946,0.23
INV-H2-000080,1,Low Confidence Mapping,3149900,884256,0.2
INV-H2-000081,1,Low Confidence Mapping,1990600,2653560,0.19
INV-H2-000082,1,Low Confidence Mapping,2405050,3097359,0.2
INV-H2-000083,1,Low Confidence Mapping,5972300,4755725,0.2
INV-H2-000084,1,Low Confidence Mapping,3344325,2242000,0.21
INV-H2-000085,1,Low Confidence Mapping,6125925,5872703,0.2
INV-H2-000086,1,Low Confidence Mapping,985625,1449553,0.21
INV-H2-000087,1,Low Confidence Mapping,2751025,3307731,0.18
INV-H2-000088,1,Low Confidence Mapping,1481375,3588422,0.2
INV-H2-000089,1,Low Confidence Mapping,2641100,3697715,0.19
INV-H2-000090,1,Low Confidence Mapping,3700300,3858478,0.18
INV-H2-000091,1,Low Confidence Mapping,766150,848706,0.2
INV-H2-000092,1,Low Confidence Mapping,2465025,1588499,0.2
INV-H2-000093,1,Low Confidence Mapping,1452125,2321254,0.17
INV-H2-000094,1,Low Confidence Mapping,3783125,3478889,0.18
INV-H2-000095,1,Low Confidence Mapping,2330750,1567051,0.2
INV-H2-000096,1,Low Confidence Mapping,6546975,3582167,0.19
INV-H2-000097,1,Low Confidence Mapping,1439700,1918135,0.17
INV-H2-000054,1,Low Confidence Mapping,2902475,1893669,0.19
INV-H2-000099,1,Low Confidence Mapping,2833525,3671140,0.18
INV-H2-000100,1,Low Confidence Mapping,617125,1012872,0.2
INV-H2-000101,1,Low Confidence Mapping,1046825,1444535,0.2
INV-H2-000102,1,Low Confidence Mapping,711800,2698803,0.2
INV-H2-000103,1,Low Confidence Mapping,2804225,1800098,0.18
INV-H2-000105,1,Low Confidence Mapping,2137425,3415883,0.19
INV-H2-000106,1,Low Confidence Mapping,1517700,1684549,0.2
INV-H2-000107,1,Low Confidence Mapping,5946450,1770255,0.18
INV-H2-000108,1,Low Confidence Mapping,764625,939000,0.2
INV-H2-000109,1,Low Confidence Mapping,6557975,3566239,0.19
INV-H2-000110,1,Low Confidence Mapping,7761725,2818189,0.2
INV-H2-000111,1,Low Confidence Mapping,3135775,3132384,0.2
INV-H2-000112,1,Low Confidence Mapping,1242400,1682241,0.2
INV-H2-000113,1,Low Confidence Mapping,1849750,2118730,0.19
INV-H2-000114,1,Low Confidence Mapping,3543950,2359940,0.2
INV-H2-000115,1,Low Confidence Mapping,956150,456187,0.2
INV-H2-000116,1,Low Confidence Mapping,3266625,4099404,0.2
INV-H2-000117,1,Low Confidence Mapping,2325600,3016765,0.19
INV-H2-000118,1,Low Confidence Mapping,2715675,2780153,0.2
INV-H2-000119,1,Low Confidence Mapping,1349425,1653293,0.2
INV-H2-000120,1,Low Confidence Mapping,1699100,2187675,0.2
INV-H2-000121,1,Low Confidence Mapping,3077475,3457550,0.19
INV-H2-000122,1,Low Confidence Mapping,2540925,1592510,0.19
INV-H2-000123,1,Low Confidence Mapping,1547150,3067605,0.19
INV-H2-000124,1,Low Confidence Mapping,763675,856654,0.2
INV-H2-000125,1,Low Confidence Mapping,1780325,3396593,0.19
INV-H2-000126,1,Low Confidence Mapping,1633475,2878543,0.2
INV-H2-000127,1,Low Confidence Mapping,1819700,1721114,0.19
INV-H2-000128,1,Low Confidence Mapping,1580400,3137006,0.2
INV-H2-000129,1,Low Confidence Mapping,2153675,1656345,0.18
INV-H2-000130,1,Low Confidence Mapping,2398825,3005248,0.2
INV-H2-000131,1,Low Confidence Mapping,2105400,1951976,0.18
INV-H2-000132,1,Low Confidence Mapping,354625,413865,0.18
INV-H2-000133,1,Low Confidence Mapping,749125,830125,0.2
INV-H2-000134,1,Low Confidence Mapping,4972650,3628983,0.2
INV-H2-000135,1,Low Confidence Mapping,1586625,1727577,0.21
INV-H2-000136,1,Low Confidence Mapping,1775025,1844743,0.18
INV-H2-000137,1,Low Confidence Mapping,548500,584584,0.18
INV-H2-000138,1,Low Confidence Mapping,2334050,2748673,0.18
INV-H2-000139,1,Low Confidence Mapping,522100,498875,0.2
INV-H2-000140,1,Low Confidence Mapping,3127325,2595642,0.2
INV-H2-000141,1,Low Confidence Mapping,2186050,3511113,0.2
INV-H2-000142,1,Low Confidence Mapping,3343200,4792284,0.19
INV-H2-000143,1,Low Confidence Mapping,2726725,3650784,0.18
INV-H2-000144,1,Low Confidence Mapping,1229200,767964,0.21
INV-H2-000145,1,Low Confidence Mapping,2209550,2771471,0.17
INV-H2-000146,1,Low Confidence Mapping,1075900,1528394,0.2
INV-H2-000148,1,Low Confidence Mapping,542725,607093,0.2
INV-H2-000149,1,Low Confidence Mapping,3611775,2852913,0.18
INV-H2-000150,1,Low Confidence Mapping,758900,953604,0.19
INV-H2-000151,1,Low Confidence Mapping,1673975,3698278,0.2
INV-H2-000152,1,Low Confidence Mapping,1875125,2943880,0.2
INV-H2-000153,1,Low Confidence Mapping,1028400,1484485,0.18
INV-H2-000154,1,Low Confidence Mapping,4188000,3612189,0.19
INV-H2-000155,1,Low Confidence Mapping,5768150,2297545,0.2
INV-H2-000156,1,Low Confidence Mapping,2447050,3133358,0.18
INV-H2-000157,1,Low Confidence Mapping,714425,849911,0.2
INV-H2-000158,1,Low Confidence Mapping,4260675,2430168,0.17
INV-H2-000159,1,Low Confidence Mapping,2965975,1139386,0.2
INV-H2-000160,1,Low Confidence Mapping,1792975,2010188,0.2
INV-H2-000161,1,Low Confidence Mapping,2141300,2566739,0.19
INV-H2-000162,1,Low Confidence Mapping,5153800,1152086,0.2
INV-H2-000163,1,Low Confidence Mapping,3919500,3654320,0.21
INV-H2-000164,1,Low Confidence Mapping,3451600,4160466,0.18
INV-H2-000165,1,Low Confidence Mapping,2284275,1853491,0.19
INV-H2-000166,1,Low Confidence Mapping,1178600,2087494,0.19
INV-H2-000167,1,Low Confidence Mapping,2256000,2496350,0.19
INV-H2-000168,1,Low Confidence Mapping,1049625,3421831,0.19
INV-H2-000169,1,Low Confidence Mapping,1423000,2073831,0.2
INV-H2-000170,1,Low Confidence Mapping,1456900,1978684,0.2
INV-H2-000171,1,Low Confidence Mapping,4424675,2999762,0.2
INV-H2-000172,1,Low Confidence Mapping,4385225,5047206,0.18
INV-H2-000173,1,Low Confidence Mapping,1909275,2477099,0.2
INV-H2-000174,1,Low Confidence Mapping,1898375,2007600,0.19
INV-H2-000175,1,Low Confidence Mapping,2057375,2721039,0.18
INV-H2-000176,1,Low Confidence Mapping,1088700,791325,0.18
INV-H2-000177,1,Low Confidence Mapping,1807325,2888495,0.18
INV-H2-000178,1,Low Confidence Mapping,3123125,1810565,0.19
INV-H2-000179,1,Low Confidence Mapping,2309075,2861237,0.18
INV-H2-000180,1,Low Confidence Mapping,1885875,3160638,0.19
INV-H2-000181,1,Low Confidence Mapping,3700750,2280275,0.18
INV-H2-000182,1,Low Confidence Mapping,1773125,3424525,0.19
INV-H2-000183,1,Low Confidence Mapping,506025,1041743,0.2
INV-H2-000184,1,Low Confidence Mapping,1717975,2567831,0.2
INV-H2-000185,1,Low Confidence Mapping,1668650,1077654,0.2
INV-H2-000186,1,Low Confidence Mapping,1442650,2261042,0.2
INV-H2-000187,1,Low Confidence Mapping,2540075,2911019,0.19
INV-H2-000188,1,Low Confidence Mapping,861125,1848168,0.2
INV-H2-000189,1,Low Confidence Mapping,565450,1322741,0.2
INV-H2-000190,1,Low Confidence Mapping,9676700,3942015,0.19
INV-H2-000191,1,Low Confidence Mapping,1334800,3121011,0.19
INV-H2-000192,1,Low Confidence Mapping,3028600,3569501,0.19
INV-H2-000193,1,Low Confidence Mapping,1071150,1426275,0.22
INV-H2-000194,1,Low Confidence Mapping,2291250,2190295,0.18
INV-H2-000195,1,Low Confidence Mapping,2046650,2195990,0.19
INV-H2-000196,1,Low Confidence Mapping,4157850,2338637,0.18
INV-H2-000198,1,Low Confidence Mapping,2379950,2726444,0.2
INV-H2-000199,1,Low Confidence Mapping,2084075,3747628,0.2
INV-H2-000200,1,Low Confidence Mapping,6335250,3195170,0.2
INV-H2-000201,1,Low Confidence Mapping,874575,1373725,0.2
INV-H2-000202,1,Low Confidence Mapping,1405925,1575784,0.2
INV-H2-000203,1,Low Confidence Mapping,4905575,2193175,0.2
INV-H2-000204,1,Low Confidence Mapping,3462775,2552210,0.18
INV-H2-000205,1,Low Confidence Mapping,1397500,1747464,0.2
INV-H2-000206,1,Low Confidence Mapping,4290500,1642121,0.19
INV-H2-000207,1,Low Confidence Mapping,3711175,5339128,0.2
INV-H2-000208,1,Low Confidence Mapping,523825,894341,0.18
INV-H2-000209,1,Low Confidence Mapping,1837575,2987990,0.19
INV-H2-000210,1,Low Confidence Mapping,2168350,2021915,0.2
INV-H2-000211,1,Low Confidence Mapping,2759000,3224183,0.19
INV-H2-000212,1,Low Confidence Mapping,1971375,2399862,0.17
INV-H2-000213,1,Low Confidence Mapping,2052025,2036345,0.19
INV-H2-000214,1,Low Confidence Mapping,1849925,1874579,0.19
INV-H2-000215,1,Low Confidence Mapping,1118800,2866903,0.19
INV-H2-000216,1,Low Confidence Mapping,2036925,2947675,0.19
INV-H2-000217,1,Low Confidence Mapping,883950,812063,0.2
INV-H2-000218,1,Low Confidence Mapping,5527075,2870834,0.17
INV-H2-000219,1,Low Confidence Mapping,6186875,5249200,0.2
INV-H2-000220,1,Low Confidence Mapping,2883950,5611650,0.19
INV-H2-000221,1,Low Confidence Mapping,2020100,2093653,0.18
INV-H2-000222,1,Low Confidence Mapping,1016625,1692095,0.18
INV-H2-000223,1,Low Confidence Mapping,740375,1363298,0.2
INV-H2-000224,1,Low Confidence Mapping,897075,819455,0.2
INV-H2-000225,1,Low Confidence Mapping,7358475,3822242,0.18
INV-H2-000226,1,Low Confidence Mapping,7513225,2365736,0.17
INV-H2-000227,1,Low Confidence Mapping,1200925,2047798,0.2
INV-H2-000228,1,Low Confidence Mapping,1241750,1700169,0.21
INV-H2-000229,1,Low Confidence Mapping,1558275,2115083,0.18
INV-H2-000230,1,Low Confidence Mapping,1013150,1871100,0.21
INV-H2-000231,1,Low Confidence Mapping,3617900,2671449,0.19
INV-H2-000232,1,Low Confidence Mapping,419550,554808,0.19
INV-H2-000233,1,Low Confidence Mapping,1805075,2080723,0.2
INV-H2-000234,1,Low Confidence Mapping,2522150,2980929,0.18
INV-H2-000235,1,Low Confidence Mapping,735200,1316842,0.2
INV-H2-000236,1,Low Confidence Mapping,1696250,3576685,0.2
INV-H2-000237,1,Low Confidence Mapping,6565575,2847629,0.2
INV-H2-000238,1,Low Confidence Mapping,3987675,4112722,0.18
INV-H2-000239,1,Low Confidence Mapping,895225,1140915,0.21
INV-H2-000240,1,Low Confidence Mapping,4547600,2425661,0.18
INV-H2-000241,1,Low Confidence Mapping,3158375,1809995,0.19
INV-H2-000242,1,Low Confidence Mapping,1564025,1754517,0.2
INV-H2-000243,1,Low Confidence Mapping,773050,1572770,0.18
INV-H2-000244,1,Low Confidence Mapping,5471200,2875784,0.18
INV-H2-000245,1,Low Confidence Mapping,2507400,3639816,0.19
INV-H2-000246,1,Low Confidence Mapping,2851700,3928710,0.16
INV-H2-000247,1,Low Confidence Mapping,2089875,2158429,0.19
INV-H2-000248,1,Low Confidence Mapping,3025050,2944030,0.2
INV-H2-000249,1,Low Confidence Mapping,3532675,622800,0.18
INV-H2-000250,1,Low Confidence Mapping,8829600,3640555,0.19
INV-H2-000251,1,Low Confidence Mapping,2318675,3991755,0.18
INV-H2-000252,1,Low Confidence Mapping,1392500,2386515,0.19
INV-H2-000253,1,Low Confidence Mapping,1390125,2100395,0.2
INV-H2-000254,1,Low Confidence Mapping,1826500,3152453,0.19
INV-H2-000255,1,Low Confidence Mapping,1467875,1298069,0.18
INV-H2-000256,1,Low Confidence Mapping,1378575,1269959,0.2
INV-H2-000257,1,Low Confidence Mapping,1141875,1700570,0.18
INV-H2-000258,1,Low Confidence Mapping,1908125,4756505,0.19
INV-H2-000259,1,Low Confidence Mapping,1763075,2120226,0.19
INV-H2-000260,1,Low Confidence Mapping,5026625,3875219,0.19
INV-H2-000261,1,Low Confidence Mapping,1088225,1770116,0.19
INV-H2-000262,1,Low Confidence Mapping,1290525,1413500,0.18
INV-H2-000263,1,Low Confidence Mapping,1546650,1002747,0.2
INV-H2-000264,1,Low Confidence Mapping,1983875,1903274,0.21
INV-H2-000265,1,Low Confidence Mapping,944350,676285,0.18
INV-H2-000266,1,Low Confidence Mapping,2366550,4335855,0.19
INV-H2-000267,1,Low Confidence Mapping,1636375,1646604,0.2
INV-H2-000268,1,Low Confidence Mapping,1032150,1812741,0.19
INV-H2-000269,1,Low Confidence Mapping,1872900,3633017,0.18
INV-H2-000270,1,Low Confidence Mapping,2268725,1930440,0.2
INV-H2-000271,1,Low Confidence Mapping,2429150,2348347,0.18
INV-H2-000272,1,Low Confidence Mapping,1467075,1775741,0.18
INV-H2-000273,1,Low Confidence Mapping,3052150,3626296,0.19
INV-H2-000274,1,Low Confidence Mapping,3485025,2988227,0.16
INV-H2-000275,1,Low Confidence Mapping,935075,2399610,0.2
INV-H2-000276,1,Low Confidence Mapping,2655300,2928873,0.2
INV-H2-000277,1,Low Confidence Mapping,1472800,1961152,0.2
INV-H2-000278,1,Low Confidence Mapping,2891125,2892472,0.18
INV-H2-000279,1,Low Confidence Mapping,7876525,4108959,0.2
INV-H2-000280,1,Low Confidence Mapping,970475,984725,0.19
INV-H2-000281,1,Low Confidence Mapping,1663775,1820081,0.21
INV-H2-000282,1,Low Confidence Mapping,2353850,3803564,0.19
INV-H2-000283,1,Low Confidence Mapping,3400925,4143970,0.18
INV-H2-000284,1,Low Confidence Mapping,3588700,2119699,0.2
INV-H2-000285,1,Low Confidence Mapping,3547500,3080963,0.17
INV-H2-000286,1,Low Confidence Mapping,1027300,1015150,0.21
INV-H2-000287,1,Low Confidence Mapping,5003350,4273074,0.18
INV-H2-000288,1,Low Confidence Mapping,2013600,1708690,0.19
INV-H2-000289,1,Low Confidence Mapping,1341875,1786174,0.19
INV-H2-000291,1,Low Confidence Mapping,2115800,1924615,0.2
INV-H2-000292,1,Low Confidence Mapping,2801100,4047004,0.17
INV-H2-000293,1,Low Confidence Mapping,1507750,2436845,0.19
INV-H2-000294,1,Low Confidence Mapping,2029050,2842445,0.19
INV-H2-000295,1,Low Confidence Mapping,1913950,2049905,0.18
INV-H2-000296,1,Low Confidence Mapping,4106625,5013599,0.2
INV-H2-000297,1,Low Confidence Mapping,4780100,4453610,0.18
INV-H2-000298,1,Low Confidence Mapping,3278375,2795685,0.2
INV-H2-000299,1,Low Confidence Mapping,3110200,3677863,0.21
INV-H2-000300,1,Low Confidence Mapping,2390025,2910739,0.2
INV-H2-000301,1,Low Confidence Mapping,2440375,3775268,0.2
INV-H2-000302,1,Low Confidence Mapping,1012850,719120,0.2
INV-H2-000303,1,Low Confidence Mapping,1792925,2394717,0.19
INV-H2-000304,1,Low Confidence Mapping,3990025,1250195,0.19
INV-H2-000305,1,Low Confidence Mapping,1479175,1720763,0.2
INV-H2-000306,1,Low Confidence Mapping,3749800,3762607,0.19
INV-H2-000307,1,Low Confidence Mapping,4516350,2666334,0.19
INV-H2-000308,1,Low Confidence Mapping,930625,1342511,0.19
INV-H2-000309,1,Low Confidence Mapping,4574275,2638802,0.18
INV-H2-000310,1,Low Confidence Mapping,1974650,3367575,0.19
INV-H2-000311,1,Low Confidence Mapping,4194950,2948572,0.16
INV-H2-000312,1,Low Confidence Mapping,1533025,1517532,0.19
INV-H2-000313,1,Low Confidence Mapping,1765475,2230605,0.18
INV-H2-000314,1,Low Confidence Mapping,2209300,2579449,0.2
INV-H2-000315,1,Low Confidence Mapping,704500,1836941,0.2
INV-H2-000316,1,Low Confidence Mapping,1357550,2822219,0.19
INV-H2-000317,1,Low Confidence Mapping,778225,726065,0.2
INV-H2-000318,1,Low Confidence Mapping,4711425,3066075,0.18
INV-H2-000319,1,Low Confidence Mapping,1335400,1282121,0.2
INV-H2-000320,1,Low Confidence Mapping,3744675,3982500,0.19
INV-H2-000321,1,Low Confidence Mapping,5569475,1973038,0.19
INV-H2-000322,1,Low Confidence Mapping,1334625,1263762,0.21
INV-H2-000323,1,Low Confidence Mapping,483225,323654,0.2
INV-H2-000324,1,Low Confidence Mapping,3979450,2313314,0.18
INV-H2-000325,1,Low Confidence Mapping,1529125,1666784,0.2
INV-H2-000326,1,Low Confidence Mapping,743225,872000,0.2
INV-H2-000327,1,Low Confidence Mapping,4557050,3386714,0.18
INV-H2-000328,1,Low Confidence Mapping,1983325,2670780,0.18
INV-H2-000329,1,Low Confidence Mapping,1754775,966437,0.16
INV-H2-000330,1,Low Confidence Mapping,1003275,1553631,0.2
INV-H2-000331,1,Low Confidence Mapping,1583725,2670468,0.18
INV-H2-000332,1,Low Confidence Mapping,3052550,3646221,0.2
INV-H2-000333,1,Low Confidence Mapping,578900,1201594,0.21
INV-H2-000334,1,Low Confidence Mapping,1808275,2990147,0.2
INV-H2-000335,1,Low Confidence Mapping,2468975,4659898,0.19
INV-H2-000336,1,Low Confidence Mapping,1801475,3720232,0.19
INV-H2-000337,1,Low Confidence Mapping,2329400,2289976,0.2
INV-H2-000338,1,Low Confidence Mapping,1552350,1967325,0.19
INV-H2-000339,1,Low Confidence Mapping,1639050,2689112,0.18
INV-H2-000340,1,Low Confidence Mapping,2279375,2243925,0.19
INV-H2-000341,1,Low Confidence Mapping,1551975,1736250,0.21
INV-H2-000342,1,Low Confidence Mapping,2084400,3732648,0.18
INV-H2-000343,1,Low Confidence Mapping,2789450,5344806,0.18
INV-H2-000344,1,Low Confidence Mapping,1139925,2731884,0.18
INV-H2-000345,1,Low Confidence Mapping,1793675,1708455,0.2
INV-H2-000346,1,Low Confidence Mapping,4900500,2408216,0.18
INV-H2-000347,1,Low Confidence Mapping,1470025,1874095,0.19
INV-H2-000348,1,Low Confidence Mapping,2441925,2412300,0.19
INV-H2-000349,1,Low Confidence Mapping,3955075,2377553,0.19
INV-H2-000350,1,Low Confidence Mapping,1282950,1775933,0.2
INV-H2-000351,1,Low Confidence Mapping,1552275,2239547,0.19
INV-H2-000352,1,Low Confidence Mapping,2721375,2541076,0.2
INV-H2-000353,1,Low Confidence Mapping,1567500,1977554,0.17
INV-H2-000354,1,Low Confidence Mapping,1127900,882912,0.2
INV-H2-000355,1,Low Confidence Mapping,861575,961604,0.18
INV-H2-000356,1,Low Confidence Mapping,6392300,3469305,0.19
INV-H2-000357,1,Low Confidence Mapping,2197025,2918301,0.18
INV-H2-000358,1,Low Confidence Mapping,957350,1182388,0.2
INV-H2-000359,1,Low Confidence Mapping,1322675,1422806,0.18
INV-H2-000360,1,Low Confidence Mapping,930200,2099040,0.18
INV-H2-000361,1,Low Confidence Mapping,3526100,3203010,0.18
INV-H2-000362,1,Low Confidence Mapping,3498050,2580301,0.2
INV-H2-000363,1,Low Confidence Mapping,4092625,2604594,0.19
INV-H2-000364,1,Low Confidence Mapping,2807025,4278783,0.19
INV-H2-000365,1,Low Confidence Mapping,1702200,2527754,0.19
INV-H2-000366,1,Low Confidence Mapping,3219200,3640315,0.19
INV-H2-000367,1,Low Confidence Mapping,4713525,4036760,0.19
INV-H2-000368,1,Low Confidence Mapping,1622950,3089495,0.17
INV-H2-000369,1,Low Confidence Mapping,2889100,4816109,0.2
INV-H2-000370,1,Low Confidence Mapping,1497825,1838604,0.2
INV-H2-000371,1,Low Confidence Mapping,478775,606294,0.18
INV-H2-000372,1,Low Confidence Mapping,1861400,3452468,0.19
INV-H2-000373,1,Low Confidence Mapping,1206000,1563990,0.17
INV-H2-000374,1,Low Confidence Mapping,3071550,4311933,0.18
INV-H2-000375,1,Low Confidence Mapping,3032875,2117844,0.18
INV-H2-000376,1,Low Confidence Mapping,4218450,2933550,0.2
INV-H2-000377,1,Low Confidence Mapping,3336750,2352231,0.19
INV-H2-000378,1,Low Confidence Mapping,3455050,3569028,0.19
INV-H2-000379,1,Low Confidence Mapping,253175,1395717,0.21
INV-H2-000380,1,Low Confidence Mapping,2255850,1072638,0.18
INV-H2-000381,1,Low Confidence Mapping,323000,536246,0.21
INV-H2-000382,1,Low Confidence Mapping,2769850,2908946,0.2
INV-H2-000383,1,Low Confidence Mapping,1528400,1996262,0.19
INV-H2-000384,1,Low Confidence Mapping,6308300,3920041,0.18
INV-H2-000385,1,Low Confidence Mapping,721425,2066280,0.18
INV-H2-000386,1,Low Confidence Mapping,1435600,1412868,0.2
INV-H2-000387,1,Low Confidence Mapping,5762075,3190686,0.19
INV-H2-000388,1,Low Confidence Mapping,2431300,1327618,0.18
INV-H2-000389,1,Low Confidence Mapping,911700,898556,0.21
INV-H2-000390,1,Low Confidence Mapping,1274025,1681972,0.2
INV-H2-000391,1,Low Confidence Mapping,3265225,1410986,0.2
INV-H2-000392,1,Low Confidence Mapping,6548900,3198125,0.18
INV-H2-000393,1,Low Confidence Mapping,2306525,2854089,0.17
INV-H2-000394,1,Low Confidence Mapping,676675,1198540,0.19
INV-H2-000395,1,Low Confidence Mapping,7283050,2315813,0.2
INV-H2-000396,1,Low Confidence Mapping,4988025,1899716,0.18
INV-H2-000397,1,Low Confidence Mapping,3011750,1363725,0.2
INV-H2-000398,1,Low Confidence Mapping,3668000,4717063,0.18
INV-H2-000399,1,Low Confidence Mapping,1667350,1760409,0.18
INV-H2-000400,1,Low Confidence Mapping,3490625,2854742,0.18
INV-H2-000401,1,Low Confidence Mapping,1503950,1154624,0.21
INV-H2-000402,1,Low Confidence Mapping,2437475,2787726,0.19
INV-H2-000403,1,Low Confidence Mapping,2417500,2788224,0.19
INV-H2-000404,1,Low Confidence Mapping,1379600,1430615,0.19
INV-H2-000405,1,Low Confidence Mapping,1134225,554880,0.18
INV-H2-000406,1,Low Confidence Mapping,3872275,4333007,0.17
INV-H2-000407,1,Low Confidence Mapping,1760450,2348296,0.2
INV-H2-000408,1,Low Confidence Mapping,3013400,3847130,0.18
INV-H2-000409,1,Low Confidence Mapping,1894625,2308918,0.19
INV-H2-000410,1,Low Confidence Mapping,1359100,1095747,0.21
INV-H2-000411,1,Low Confidence Mapping,444700,659984,0.2
INV-H2-000412,1,Low Confidence Mapping,2013300,748067,0.18
INV-H2-000413,1,Low Confidence Mapping,1624650,2121975,0.2
INV-H2-000414,1,Low Confidence Mapping,1255575,1289277,0.19
INV-H2-000415,1,Low Confidence Mapping,978300,1366701,0.2
INV-H2-000416,1,Low Confidence Mapping,2157850,1882350,0.2
INV-H2-000417,1,Low Confidence Mapping,2937325,2886177,0.19
INV-H2-000418,1,Low Confidence Mapping,2748600,3790376,0.2
INV-H2-000419,1,Low Confidence Mapping,1211300,1346041,0.2
INV-H2-000420,1,Low Confidence Mapping,1795600,1997150,0.2
INV-H2-000421,1,Low Confidence Mapping,1364000,2124205,0.19
INV-H2-000422,1,Low Confidence Mapping,1795300,2442022,0.21
INV-H2-000423,1,Low Confidence Mapping,2168200,2257247,0.2
INV-H2-000424,1,Low Confidence Mapping,2902800,3020005,0.17
INV-H2-000425,1,Low Confidence Mapping,1279825,2119373,0.18
INV-H2-000426,1,Low Confidence Mapping,866975,1683811,0.21
INV-H2-000427,1,Low Confidence Mapping,8092550,2581960,0.18
INV-H2-000428,1,Low Confidence Mapping,3215725,865265,0.19
INV-H2-000429,1,Low Confidence Mapping,3004250,3033400,0.18
INV-H2-000430,1,Low Confidence Mapping,875575,2119852,0.23
INV-H2-000431,1,Low Confidence Mapping,2186200,3036250,0.2
INV-H2-000432,1,Low Confidence Mapping,895500,851553,0.2
INV-H2-000433,1,Low Confidence Mapping,3711450,3006170,0.2
INV-H2-000434,1,Low Confidence Mapping,894200,976760,0.2
INV-H2-000435,1,Low Confidence Mapping,788150,1993856,0.18
INV-H2-000436,1,Low Confidence Mapping,2533525,2403279,0.2
INV-H2-000437,1,Low Confidence Mapping,2653250,2565495,0.19
INV-H2-000438,1,Low Confidence Mapping,1757500,1618210,0.2
INV-H2-000439,1,Low Confidence Mapping,1494750,3318627,0.17
INV-H2-000440,1,Low Confidence Mapping,1395050,2974295,0.19
INV-H2-000441,1,Low Confidence Mapping,2534550,3406221,0.19
INV-H2-000442,1,Low Confidence Mapping,2992600,2633430,0.18
INV-H2-000443,1,Low Confidence Mapping,1865275,1714442,0.19
INV-H2-000444,1,Low Confidence Mapping,1026650,1808152,0.18
INV-H2-000445,1,Low Confidence Mapping,2046500,1867264,0.19
INV-H2-000446,1,Low Confidence Mapping,2879150,4057446,0.2
INV-H2-000447,1,Low Confidence Mapping,2860950,3616607,0.19
INV-H2-000448,1,Low Confidence Mapping,3452375,3534828,0.18
INV-H2-000449,1,Low Confidence Mapping,1683950,2821366,0.2
INV-H2-000450,1,Low Confidence Mapping,933325,1164383,0.2
INV-H2-000451,1,Low Confidence Mapping,742150,753854,0.2
INV-H2-000452,1,Low Confidence Mapping,1736375,2030073,0.21
INV-H2-000453,1,Low Confidence Mapping,1793950,2618660,0.2
INV-H2-000454,1,Low Confidence Mapping,351450,652962,0.18
INV-H2-000455,1,Low Confidence Mapping,1425300,1630753,0.19
INV-H2-000456,1,Low Confidence Mapping,1641875,2350475,0.19
INV-H2-000457,1,Low Confidence Mapping,1445750,1969084,0.19
INV-H2-000458,1,Low Confidence Mapping,2335475,1219696,0.18
INV-H2-000459,1,Low Confidence Mapping,2841850,1475580,0.2
INV-H2-000460,1,Low Confidence Mapping,2348275,1720892,0.2
INV-H2-000461,1,Low Confidence Mapping,919425,2159420,0.19
INV-H2-000462,1,Low Confidence Mapping,2617475,3616143,0.19
INV-H2-000463,1,Low Confidence Mapping,5169875,2511058,0.18
INV-H2-000464,1,Low Confidence Mapping,354700,450405,0.23
INV-H2-000465,1,Low Confidence Mapping,1346050,1735104,0.21
INV-H2-000466,1,Low Confidence Mapping,2275225,2091634,0.2
INV-H2-000467,1,Low Confidence Mapping,572175,731706,0.2
INV-H2-000468,1,Low Confidence Mapping,1093750,1417911,0.21
INV-H2-000469,1,Low Confidence Mapping,3726900,1799383,0.19
INV-H2-000470,1,Low Confidence Mapping,3018650,848500,0.2
INV-H2-000471,1,Low Confidence Mapping,1113400,1880822,0.18
INV-H2-000472,1,Low Confidence Mapping,3924675,4818240,0.2
INV-H2-000473,1,Low Confidence Mapping,5077725,3336481,0.18
INV-H2-000474,1,Low Confidence Mapping,1721950,2690366,0.2
INV-H2-000475,1,Low Confidence Mapping,1300600,1571347,0.21
INV-H2-000476,1,Low Confidence Mapping,2745300,840538,0.2
INV-H2-000477,1,Low Confidence Mapping,5071425,1175492,0.19
INV-H2-000478,1,Low Confidence Mapping,7390775,2811743,0.2
INV-H2-000479,1,Low Confidence Mapping,1492575,1487956,0.22
INV-H2-000480,1,Low Confidence Mapping,2079325,1052124,0.2
INV-H2-000481,1,Low Confidence Mapping,1203400,1942981,0.19
INV-H2-000482,1,Low Confidence Mapping,2763000,2261845,0.19
INV-H2-000483,1,Low Confidence Mapping,1061150,2817934,0.19
INV-H2-000484,1,Low Confidence Mapping,1583725,1766773,0.2
INV-H2-000485,1,Low Confidence Mapping,1136875,1240519,0.19
INV-H2-000486,1,Low Confidence Mapping,2890975,3301850,0.19
INV-H2-000487,1,Low Confidence Mapping,1256475,2302326,0.18
INV-H2-000488,1,Low Confidence Mapping,5895125,2235260,0.2
INV-H2-000489,1,Low Confidence Mapping,1803325,2652128,0.2
INV-H2-000490,1,Low Confidence Mapping,663125,1318273,0.2
INV-H2-000491,1,Low Confidence Mapping,2225950,3922968,0.2
INV-H2-000492,1,Low Confidence Mapping,3064250,3215187,0.2
INV-H2-000493,1,Low Confidence Mapping,1380000,3246586,0.17
INV-H2-000494,1,Low Confidence Mapping,1210850,1217533,0.21
INV-H2-000495,1,Low Confidence Mapping,1168600,1182030,0.17
INV-H2-000496,1,Low Confidence Mapping,1563025,1186703,0.2
INV-H2-000104,1,Low Confidence Mapping,4812700,1886279,0.18
INV-H2-000498,1,Low Confidence Mapping,5218675,3214850,0.17
INV-H2-000499,1,Low Confidence Mapping,3024000,3971333,0.19
INV-H2-000500,1,Low Confidence Mapping,2759900,2320715,0.21
INV-H2-000501,1,Low Confidence Mapping,4261900,2146246,0.19
INV-H2-000502,1,Low Confidence Mapping,1536475,2294084,0.2
INV-H2-000503,1,Low Confidence Mapping,3549975,4649507,0.19
INV-H2-000504,1,Low Confidence Mapping,2349525,1227341,0.18
INV-H2-000505,1,Low Confidence Mapping,5456275,1313419,0.19
INV-H2-000506,1,Low Confidence Mapping,3102350,2515516,0.18
INV-H2-000507,1,Low Confidence Mapping,2417225,3254536,0.18
INV-H2-000508,1,Low Confidence Mapping,2547500,3212900,0.19
INV-H2-000509,1,Low Confidence Mapping,3203425,4972669,0.18
INV-H2-000510,1,Low Confidence Mapping,2289450,2229527,0.2
INV-H2-000511,1,Low Confidence Mapping,1036100,2811585,0.19
INV-H2-000512,1,Low Confidence Mapping,3737000,3858882,0.19
INV-H2-000513,1,Low Confidence Mapping,4192475,1178022,0.2
INV-H2-000514,1,Low Confidence Mapping,1556125,2413761,0.18
INV-H2-000515,1,Low Confidence Mapping,1478350,4751120,0.18
INV-H2-000516,1,Low Confidence Mapping,3477125,3819506,0.18
INV-H2-000517,1,Low Confidence Mapping,432725,599366,0.2
INV-H2-000518,1,Low Confidence Mapping,412125,1392247,0.19
INV-H2-000519,1,Low Confidence Mapping,3001275,4021008,0.19
INV-H2-000520,1,Low Confidence Mapping,1115350,1266208,0.19
INV-H2-000521,1,Low Confidence Mapping,1693050,2393093,0.2
INV-H2-000522,1,Low Confidence Mapping,4234300,2437801,0.2
INV-H2-000523,1,Low Confidence Mapping,1634950,2064963,0.18
INV-H2-000524,1,Low Confidence Mapping,5718375,2678468,0.2
INV-H2-000525,1,Low Confidence Mapping,2621600,3664609,0.19
INV-H2-000526,1,Low Confidence Mapping,2545225,3521979,0.19
INV-H2-000527,1,Low Confidence Mapping,3849300,2372365,0.2
INV-H2-000528,1,Low Confidence Mapping,1657200,1165989,0.2
INV-H2-000529,1,Low Confidence Mapping,1260550,1942612,0.2
INV-H2-000530,1,Low Confidence Mapping,3698975,2020950,0.18
INV-H2-000531,1,Low Confidence Mapping,2371250,1912735,0.2
INV-H2-000532,1,Low Confidence Mapping,1736225,1735793,0.18
INV-H2-000533,1,Low Confidence Mapping,193500,782200,0.19
INV-H2-000534,1,Low Confidence Mapping,1216100,3400872,0.19
INV-H2-000535,1,Low Confidence Mapping,2252425,3084252,0.2
INV-H2-000536,1,Low Confidence Mapping,2373875,4239813,0.18
INV-H2-000537,1,Low Confidence Mapping,2761275,3154210,0.19
INV-H2-000538,1,Low Confidence Mapping,1828925,2855565,0.18
INV-H2-000539,1,Low Confidence Mapping,580000,1054333,0.21
INV-H2-000540,1,Low Confidence Mapping,4474900,2617786,0.2
INV-H2-000541,1,Low Confidence Mapping,537600,1250700,0.22
INV-H2-000542,1,Low Confidence Mapping,5367100,5495032,0.19
INV-H2-000543,1,Low Confidence Mapping,874100,869034,0.2
INV-H2-000544,1,Low Confidence Mapping,4015550,4361678,0.19
INV-H2-000545,1,Low Confidence Mapping,2721200,3421058,0.19
INV-H2-000546,1,Low Confidence Mapping,2833525,2877477,0.18
INV-H2-000547,1,Low Confidence Mapping,4203850,2712538,0.2
INV-H2-000548,1,Low Confidence Mapping,2712375,1631925,0.19
INV-H2-000550,1,Low Confidence Mapping,1625350,812880,0.2
INV-H2-000551,1,Low Confidence Mapping,619000,1889477,0.2
INV-H2-000552,1,Low Confidence Mapping,689450,1578679,0.19
INV-H2-000553,1,Low Confidence Mapping,468475,1344040,0.21
INV-H2-000554,1,Low Confidence Mapping,1870050,1871014,0.2
INV-H2-000555,1,Low Confidence Mapping,1663150,1392220,0.19
INV-H2-000556,1,Low Confidence Mapping,2356450,2894291,0.16
INV-H2-000557,1,Low Confidence Mapping,5147700,1961598,0.19
INV-H2-000558,1,Low Confidence Mapping,3305875,1735900,0.2
INV-H2-000559,1,Low Confidence Mapping,2598150,1558207,0.18
INV-H2-000560,1,Low Confidence Mapping,2547575,3421995,0.2
INV-H2-000561,1,Low Confidence Mapping,2162175,3182220,0.2
INV-H2-000562,1,Low Confidence Mapping,2128150,2208541,0.19
INV-H2-000563,1,Low Confidence Mapping,842300,880960,0.2
INV-H2-000564,1,Low Confidence Mapping,2293025,3032224,0.2
INV-H2-000565,1,Low Confidence Mapping,2331350,2938967,0.18
INV-H2-000566,1,Low Confidence Mapping,4310550,3281550,0.19
INV-H2-000567,1,Low Confidence Mapping,2301075,3084514,0.18
INV-H2-000568,1,Low Confidence Mapping,2071850,2556398,0.2
INV-H2-000569,1,Low Confidence Mapping,2666900,1295125,0.2
INV-H2-000570,1,Low Confidence Mapping,907300,805834,0.2
INV-H2-000571,1,Low Confidence Mapping,1735950,1573084,0.2
INV-H2-000078,1,Low Confidence Mapping,3578150,1481960,0.19
INV-H2-000573,1,Low Confidence Mapping,1045450,1790852,0.2
INV-H2-000574,1,Low Confidence Mapping,3503825,4484221,0.19
INV-H2-000575,1,Low Confidence Mapping,4802850,1930575,0.18
INV-H2-000576,1,Low Confidence Mapping,638650,1687395,0.19
INV-H2-000577,1,Low Confidence Mapping,5563950,3136349,0.18
INV-H2-000578,1,Low Confidence Mapping,480625,1357734,0.2
INV-H2-000579,1,Low Confidence Mapping,3587100,2126739,0.18
INV-H2-000580,1,Low Confidence Mapping,6449875,2628963,0.2
INV-H2-000581,1,Low Confidence Mapping,4721350,2793115,0.18
INV-H2-000582,1,Low Confidence Mapping,3895150,3945274,0.2
INV-H2-000583,1,Low Confidence Mapping,2039500,3228763,0.2
INV-H2-000584,1,Low Confidence Mapping,1557900,806310,0.2
INV-H2-000585,1,Low Confidence Mapping,4019975,3546158,0.17
INV-H2-000586,1,Low Confidence Mapping,2217800,2641526,0.2
INV-H2-000587,1,Low Confidence Mapping,5670025,3303488,0.19
INV-H2-000588,1,Low Confidence Mapping,4861400,2523334,0.19
INV-H2-000589,1,Low Confidence Mapping,1128275,2244155,0.18
INV-H2-000590,1,Low Confidence Mapping,2956575,2785543,0.21
INV-H2-000591,1,Low Confidence Mapping,1996300,862772,0.21
INV-H2-000592,1,Low Confidence Mapping,1468825,2916885,0.17
INV-H2-000593,1,Low Confidence Mapping,2520575,2942192,0.2
INV-H2-000594,1,Low Confidence Mapping,1721200,1757164,0.18
INV-H2-000595,1,Low Confidence Mapping,6652100,5472120,0.18
INV-H2-000596,1,Low Confidence Mapping,2535375,2802714,0.2
INV-H2-000597,1,Low Confidence Mapping,1821400,2626768,0.18
INV-H2-000598,1,Low Confidence Mapping,1944625,2966867,0.2
INV-H2-000599,1,Low Confidence Mapping,3536275,2919963,0.19
INV-H2-000600,1,Low Confidence Mapping,1473525,2319351,0.21
INV-H2-000601,1,Low Confidence Mapping,635875,1432869,0.2
INV-H2-000602,1,Low Confidence Mapping,1626850,2479774,0.2
INV-H2-000603,1,Low Confidence Mapping,887525,1882190,0.2
INV-H2-000604,1,Low Confidence Mapping,2735650,4240861,0.17
INV-H2-000605,1,Low Confidence Mapping,1425500,2978973,0.18
INV-H2-000606,1,Low Confidence Mapping,773425,1805800,0.19
INV-H2-000607,1,Low Confidence Mapping,967225,1817036,0.17
INV-H2-000608,1,Low Confidence Mapping,1530850,2344333,0.19
INV-H2-000609,1,Low Confidence Mapping,3648350,5579682,0.18
INV-H2-000610,1,Low Confidence Mapping,2809275,2768134,0.2
INV-H2-000611,1,Low Confidence Mapping,4717175,762698,0.2
INV-H2-000147,1,Low Confidence Mapping,4291150,4149703,0.19
INV-H2-000613,1,Low Confidence Mapping,2737600,3596316,0.17
INV-H2-000614,1,Low Confidence Mapping,3101850,2472738,0.18
INV-H2-000615,1,Low Confidence Mapping,2517825,2524017,0.19
INV-H2-000616,1,Low Confidence Mapping,997575,1191206,0.19
INV-H2-000617,1,Low Confidence Mapping,5978825,2405578,0.18
INV-H2-000618,1,Low Confidence Mapping,1154000,1829923,0.18
INV-H2-000619,1,Low Confidence Mapping,3328750,2581322,0.2
INV-H2-000620,1,Low Confidence Mapping,3005325,4885679,0.19
INV-H2-000621,1,Low Confidence Mapping,743275,1124301,0.19
INV-H2-000622,1,Low Confidence Mapping,660200,1882260,0.2
INV-H2-000623,1,Low Confidence Mapping,2973100,2896723,0.19
INV-H2-000624,1,Low Confidence Mapping,6981300,4022455,0.17
INV-H2-000625,1,Low Confidence Mapping,1268000,1379179,0.2
INV-H2-000626,1,Low Confidence Mapping,2947175,4145553,0.2
INV-H2-000627,1,Low Confidence Mapping,1507350,1786081,0.18
INV-H2-000628,1,Low Confidence Mapping,2586925,577005,0.2
INV-H2-000629,1,Low Confidence Mapping,1827900,2290394,0.19
INV-H2-000630,1,Low Confidence Mapping,1011875,1202654,0.17
INV-H2-000631,1,Low Confidence Mapping,3081825,3531903,0.19
INV-H2-000632,1,Low Confidence Mapping,5228550,6329851,0.18
INV-H2-000633,1,Low Confidence Mapping,782325,1114656,0.19
INV-H2-000634,1,Low Confidence Mapping,3610225,4638849,0.2
INV-H2-000635,1,Low Confidence Mapping,666100,1136040,0.21
INV-H2-000290,1,Low Confidence Mapping,5182225,2219418,0.18
INV-H2-000637,1,Low Confidence Mapping,2762100,1728169,0.2
INV-H2-000638,1,Low Confidence Mapping,2364450,3381762,0.17
INV-H2-000639,1,Low Confidence Mapping,1690125,2198076,0.18
INV-H2-000640,1,Low Confidence Mapping,811525,908634,0.19
INV-H2-000641,1,Low Confidence Mapping,1822000,2763175,0.2
INV-H2-000642,1,Low Confidence Mapping,2553075,2904883,0.19
INV-H2-000643,1,Low Confidence Mapping,1530475,2698521,0.19
INV-H2-000644,1,Low Confidence Mapping,363425,1398308,0.2
INV-H2-000645,1,Low Confidence Mapping,1588725,2258476,0.18
INV-H2-000646,1,Low Confidence Mapping,5941100,4456054,0.18
INV-H2-000647,1,Low Confidence Mapping,708775,2068148,0.2
INV-H2-000648,1,Low Confidence Mapping,1565800,2700004,0.18
INV-H2-000649,1,Low Confidence Mapping,3987500,1552032,0.21
INV-H2-000650,1,Low Confidence Mapping,6446650,2432083,0.19
INV-H2-000651,1,Low Confidence Mapping,1554850,3375477,0.17
INV-H2-000652,1,Low Confidence Mapping,3033925,2483214,0.18
INV-H2-000653,1,Low Confidence Mapping,1276775,1468777,0.2
INV-H2-000654,1,Low Confidence Mapping,1144500,1219902,0.18
INV-H2-000655,1,Low Confidence Mapping,2625775,3699144,0.19
INV-H2-000656,1,Low Confidence Mapping,3583475,3136505,0.18
INV-H2-000657,1,Low Confidence Mapping,1764700,2413294,0.19
INV-H2-000658,1,Low Confidence Mapping,2137975,3097664,0.2
INV-H2-000659,1,Low Confidence Mapping,1336200,2083537,0.18
INV-H2-000660,1,Low Confidence Mapping,1464675,1164115,0.21
INV-H2-000661,1,Low Confidence Mapping,650425,1600124,0.19
INV-H2-000662,1,Low Confidence Mapping,2086575,2167344,0.19
INV-H2-000663,1,Low Confidence Mapping,2760225,4682684,0.18
INV-H2-000664,1,Low Confidence Mapping,6040325,3095870,0.18
INV-H2-000665,1,Low Confidence Mapping,5043900,2621783,0.2
INV-H2-000666,1,Low Confidence Mapping,1441225,1621625,0.19
INV-H2-000667,1,Low Confidence Mapping,2963550,3168902,0.19
INV-H2-000668,1,Low Confidence Mapping,3226200,3127885,0.17
INV-H2-000669,1,Low Confidence Mapping,1354050,1716593,0.2
INV-H2-000670,1,Low Confidence Mapping,2141150,2667365,0.18
INV-H2-000671,1,Low Confidence Mapping,3999325,3704829,0.19
INV-H2-000672,1,Low Confidence Mapping,1957375,3149355,0.18
INV-H2-000673,1,Low Confidence Mapping,3148300,1783703,0.19
INV-H2-000674,1,Low Confidence Mapping,3103950,3512287,0.18
INV-H2-000675,1,Low Confidence Mapping,5792950,2606740,0.19
INV-H2-000676,1,Low Confidence Mapping,3935400,3815847,0.19
INV-H2-000677,1,Low Confidence Mapping,1360925,2188524,0.19
INV-H2-000678,1,Low Confidence Mapping,6357425,4303873,0.19
INV-H2-000679,1,Low Confidence Mapping,1169300,2691653,0.18
INV-H2-000680,1,Low Confidence Mapping,2312950,3026199,0.21
INV-H2-000681,1,Low Confidence Mapping,5644475,3587102,0.21
INV-H2-000682,1,Low Confidence Mapping,4733350,1652930,0.2
INV-H2-000683,1,Low Confidence Mapping,2027675,3284345,0.2
INV-H2-000684,1,Low Confidence Mapping,1355850,2974777,0.2
INV-H2-000685,1,Low Confidence Mapping,624325,672852,0.2
INV-H2-000686,1,Low Confidence Mapping,4259250,3740728,0.2
INV-H2-000687,1,Low Confidence Mapping,5327550,1489534,0.21
INV-H2-000688,1,Low Confidence Mapping,679950,1207211,0.18
INV-H2-000689,1,Low Confidence Mapping,3330375,3909140,0.19
INV-H2-000690,1,Low Confidence Mapping,529850,909493,0.2
INV-H2-000691,1,Low Confidence Mapping,6386600,4187093,0.19
INV-H2-000692,1,Low Confidence Mapping,422125,821160,0.2
INV-H2-000693,1,Low Confidence Mapping,2138250,3684794,0.19
INV-H2-000694,1,Low Confidence Mapping,3440875,2961093,0.16
INV-H2-000695,1,Low Confidence Mapping,1967425,2759671,0.2
INV-H2-000696,1,Low Confidence Mapping,1754500,2800843,0.18
INV-H2-000697,1,Low Confidence Mapping,1841500,1724951,0.2
INV-H2-000698,1,Low Confidence Mapping,1723175,3015120,0.2
INV-H2-000699,1,Low Confidence Mapping,4655975,3875046,0.18
INV-H2-000700,1,Low Confidence Mapping,2416650,3090573,0.2
INV-H2-000701,1,Low Confidence Mapping,1809025,3088626,0.19
INV-H2-000702,1,Low Confidence Mapping,4170200,3507352,0.18
INV-H2-000703,1,Low Confidence Mapping,2488725,3021465,0.19
INV-H2-000704,1,Low Confidence Mapping,2910025,4648419,0.18
INV-H2-000705,1,Low Confidence Mapping,1687000,2914273,0.19
INV-H2-000706,1,Low Confidence Mapping,1843300,2760367,0.21
INV-H2-000707,1,Low Confidence Mapping,1908925,3032127,0.18
INV-H2-000708,1,Low Confidence Mapping,994475,742147,0.2
INV-H2-000709,1,Low Confidence Mapping,3091350,1259718,0.19
INV-H2-000710,1,Low Confidence Mapping,5704050,3941607,0.17
INV-H2-000711,1,Low Confidence Mapping,962125,2541681,0.19
INV-H2-000712,1,Low Confidence Mapping,3839800,3060317,0.16
INV-H2-000713,1,Low Confidence Mapping,2444125,3170981,0.2
INV-H2-000714,1,Low Confidence Mapping,1939050,4240210,0.19
INV-H2-000715,1,Low Confidence Mapping,2160725,3505795,0.17
INV-H2-000716,1,Low Confidence Mapping,2830275,3793348,0.18
INV-H2-000717,1,Low Confidence Mapping,3315500,4142953,0.18
INV-H2-000718,1,Low Confidence Mapping,736725,1785111,0.19
INV-H2-000719,1,Low Confidence Mapping,605925,1128563,0.23
INV-H2-000720,1,Low Confidence Mapping,2835775,2814649,0.19
INV-H2-000721,1,Low Confidence Mapping,1751450,2779727,0.18
INV-H2-000722,1,Low Confidence Mapping,1857375,1106765,0.19
INV-H2-000723,1,Low Confidence Mapping,4548775,2758055,0.16
INV-H2-000724,1,Low Confidence Mapping,8066275,3191802,0.18
INV-H2-000725,1,Low Confidence Mapping,5650325,4558114,0.17
INV-H2-000726,1,Low Confidence Mapping,4078675,2982991,0.18
INV-H2-000727,1,Low Confidence Mapping,1952925,1593236,0.19
INV-H2-000728,1,Low Confidence Mapping,1468825,1762947,0.21
INV-H2-000729,1,Low Confidence Mapping,2907000,4363911,0.2
INV-H2-000730,1,Low Confidence Mapping,1611675,2461898,0.19
INV-H2-000731,1,Low Confidence Mapping,1842850,2458658,0.19
INV-H2-000732,1,Low Confidence Mapping,594125,2977662,0.19
INV-H2-000733,1,Low Confidence Mapping,6868800,4753896,0.19
INV-H2-000734,1,Low Confidence Mapping,719550,873763,0.18
INV-H2-000735,1,Low Confidence Mapping,1151700,1282225,0.19
INV-H2-000736,1,Low Confidence Mapping,2572600,1522600,0.19
INV-H2-000737,1,Low Confidence Mapping,4986200,3394300,0.19
INV-H2-000738,1,Low Confidence Mapping,4622475,4531429,0.2
INV-H2-000739,1,Low Confidence Mapping,1415950,1322520,0.19
INV-H2-000740,1,Low Confidence Mapping,950350,1642075,0.2
INV-H2-000741,1,Low Confidence Mapping,362975,746350,0.21
INV-H2-000742,1,Low Confidence Mapping,1761750,2587287,0.2
INV-H2-000743,1,Low Confidence Mapping,1915625,1843727,0.2
INV-H2-000744,1,Low Confidence Mapping,1754750,2170400,0.2
INV-H2-000745,1,Low Confidence Mapping,3628725,4798801,0.2
INV-H2-000746,1,Low Confidence Mapping,1457750,1574770,0.2
INV-H2-000747,1,Low Confidence Mapping,2262475,1537272,0.17
INV-H2-000748,1,Low Confidence Mapping,4171375,3360182,0.2
INV-H2-000749,1,Low Confidence Mapping,2046850,3319651,0.19
INV-H2-000750,1,Low Confidence Mapping,1085575,1253747,0.17
INV-H2-000751,1,Low Confidence Mapping,936100,1626705,0.18
INV-H2-000752,1,Low Confidence Mapping,4505900,1570251,0.2
INV-H2-000753,1,Low Confidence Mapping,1449100,3500129,0.2
INV-H2-000754,1,Low Confidence Mapping,1850075,4507631,0.2
INV-H2-000755,1,Low Confidence Mapping,6043925,5157305,0.18
INV-H2-000756,1,Low Confidence Mapping,3124150,3824998,0.2
INV-H2-000757,1,Low Confidence Mapping,1284750,1782000,0.2
INV-H2-000758,1,Low Confidence Mapping,5338225,3991593,0.18
INV-H2-000759,1,Low Confidence Mapping,1567425,1371605,0.2
INV-H2-000760,1,Low Confidence Mapping,1097375,1642789,0.2
INV-H2-000761,1,Low Confidence Mapping,10129025,2934858,0.18
INV-H2-000762,1,Low Confidence Mapping,869900,1232419,0.2
INV-H2-000763,1,Low Confidence Mapping,546775,1102120,0.2
INV-H2-000764,1,Low Confidence Mapping,861275,1062263,0.2
INV-H2-000765,1,Low Confidence Mapping,4090450,1105935,0.2
INV-H2-000766,1,Low Confidence Mapping,2917625,3930652,0.19
INV-H2-000767,1,Low Confidence Mapping,3187975,2128330,0.18
INV-H2-000768,1,Low Confidence Mapping,1450450,1576763,0.18
INV-H2-000769,1,Low Confidence Mapping,2371700,1143304,0.2
INV-H2-000549,1,Low Confidence Mapping,13196475,1605618,0.18
INV-H2-000771,1,Low Confidence Mapping,5679825,1932532,0.2
INV-H2-000772,1,Low Confidence Mapping,1436500,2180670,0.21
INV-H2-000773,1,Low Confidence Mapping,1344500,1935741,0.19
INV-H2-000774,1,Low Confidence Mapping,1987450,2841782,0.2
INV-H2-000775,1,Low Confidence Mapping,4176025,3303626,0.18
INV-H2-000776,1,Low Confidence Mapping,1811250,1497840,0.2
INV-H2-000777,1,Low Confidence Mapping,7563100,3599806,0.19
INV-H2-000778,1,Low Confidence Mapping,1486875,2775345,0.18
INV-H2-000779,1,Low Confidence Mapping,725350,797743,0.19
INV-H2-000780,1,Low Confidence Mapping,1202600,1277900,0.21
INV-H2-000781,1,Low Confidence Mapping,3501125,4176908,0.19
INV-H2-000782,1,Low Confidence Mapping,2748625,3222420,0.18
INV-H2-000783,1,Low Confidence Mapping,2001175,2563422,0.18
INV-H2-000784,1,Low Confidence Mapping,752650,741930,0.2
INV-H2-000785,1,Low Confidence Mapping,2501625,4069007,0.18
INV-H2-000786,1,Low Confidence Mapping,2604925,3141003,0.19
INV-H2-000787,1,Low Confidence Mapping,2604325,3476965,0.18
INV-H2-000788,1,Low Confidence Mapping,1535375,2383643,0.2
INV-H2-000789,1,Low Confidence Mapping,4615025,3371584,0.2
INV-H2-000790,1,Low Confidence Mapping,5134100,3125368,0.18
INV-H2-000791,1,Low Confidence Mapping,6230375,3166917,0.2
INV-H2-000792,1,Low Confidence Mapping,7277300,3692155,0.19
INV-H2-000793,1,Low Confidence Mapping,1219525,2006795,0.18
INV-H2-000794,1,Low Confidence Mapping,2142325,2921087,0.2
INV-H2-000795,1,Low Confidence Mapping,4954775,2561353,0.2
INV-H2-000796,1,Low Confidence Mapping,2122200,1983748,0.2
INV-H2-000797,1,Low Confidence Mapping,1172775,1773536,0.19
INV-H2-000798,1,Low Confidence Mapping,3615325,3954108,0.17
INV-H2-000799,1,Low Confidence Mapping,4231175,3386979,0.18
INV-H2-000800,1,Low Confidence Mapping,2711925,3262287,0.19
INV-H2-000801,1,Low Confidence Mapping,6728850,2168039,0.19
INV-H2-000802,1,Low Confidence Mapping,2151775,4086093,0.2
INV-H2-000803,1,Low Confidence Mapping,1523400,2794537,0.19
INV-H2-000804,1,Low Confidence Mapping,1824225,3298766,0.18
INV-H2-000805,1,Low Confidence Mapping,2014025,2101348,0.2
INV-H2-000806,1,Low Confidence Mapping,2998975,3197789,0.18
INV-H2-000807,1,Low Confidence Mapping,2583500,2639466,0.18
INV-H2-000808,1,Low Confidence Mapping,778275,1851240,0.2
INV-H2-000809,1,Low Confidence Mapping,986175,1497767,0.18
INV-H2-000810,1,Low Confidence Mapping,2036025,674737,0.2
INV-H2-000811,1,Low Confidence Mapping,817375,1367573,0.18
INV-H2-000812,1,Low Confidence Mapping,4610600,2149659,0.19
INV-H2-000813,1,Low Confidence Mapping,887225,1259475,0.2
INV-H2-000814,1,Low Confidence Mapping,4585250,3908420,0.18
INV-H2-000815,1,Low Confidence Mapping,1609125,2359169,0.18
INV-H2-000816,1,Low Confidence Mapping,1609875,1899044,0.19
INV-H2-000817,1,Low Confidence Mapping,3173200,3930565,0.2
INV-H2-000818,1,Low Confidence Mapping,1218250,1786734,0.22
INV-H2-000819,1,Low Confidence Mapping,3300200,1600542,0.18
INV-H2-000820,1,Low Confidence Mapping,1742625,3602804,0.19
INV-H2-000821,1,Low Confidence Mapping,1124825,2009157,0.21
INV-H2-000822,1,Low Confidence Mapping,5288675,1834615,0.2
INV-H2-000823,1,Low Confidence Mapping,1285800,1616874,0.2
INV-H2-000824,1,Low Confidence Mapping,1145850,1783839,0.23
INV-H2-000825,1,Low Confidence Mapping,1987325,2774696,0.17
INV-H2-000826,1,Low Confidence Mapping,2062800,3270588,0.18
INV-H2-000827,1,Low Confidence Mapping,3303550,2673574,0.2
INV-H2-000828,1,Low Confidence Mapping,3215550,3828953,0.18
INV-H2-000829,1,Low Confidence Mapping,1348675,1296475,0.21
INV-H2-000830,1,Low Confidence Mapping,1296800,1878566,0.2
INV-H2-000831,1,Low Confidence Mapping,3399000,1961747,0.19
INV-H2-000832,1,Low Confidence Mapping,1413475,2144903,0.19
INV-H2-000833,1,Low Confidence Mapping,3987550,5204720,0.16
INV-H2-000834,1,Low Confidence Mapping,446725,908205,0.2
INV-H2-000835,1,Low Confidence Mapping,895625,814076,0.2
INV-H2-000836,1,Low Confidence Mapping,3035025,3991765,0.22
INV-H2-000837,1,Low Confidence Mapping,2213050,2944435,0.2
INV-H2-000838,1,Low Confidence Mapping,2902850,2425388,0.19
INV-H2-000839,1,Low Confidence Mapping,1765150,1865193,0.18
INV-H2-000840,1,Low Confidence Mapping,1474975,2749531,0.18
INV-H2-000841,1,Low Confidence Mapping,2578050,2554005,0.18
INV-H2-000842,1,Low Confidence Mapping,362100,753112,0.21
INV-H2-000843,1,Low Confidence Mapping,856225,1031048,0.18
INV-H2-000844,1,Low Confidence Mapping,1135600,2187312,0.2
INV-H2-000845,1,Low Confidence Mapping,2400325,3594329,0.2
INV-H2-000846,1,Low Confidence Mapping,2465150,2680106,0.18
INV-H2-000847,1,Low Confidence Mapping,1575575,1683145,0.23
INV-H2-000848,1,Low Confidence Mapping,1801275,2981621,0.19
INV-H2-000849,1,Low Confidence Mapping,3199350,1207808,0.18
INV-H2-000850,1,Low Confidence Mapping,1600925,995241,0.18
INV-H2-000851,1,Low Confidence Mapping,2120775,2787553,0.19
INV-H2-000852,1,Low Confidence Mapping,3187500,3860247,0.18
INV-H2-000853,1,Low Confidence Mapping,1021325,1987980,0.18
INV-H2-000854,1,Low Confidence Mapping,1690700,2887999,0.18
INV-H2-000855,1,Low Confidence Mapping,7642400,4143130,0.19
INV-H2-000856,1,Low Confidence Mapping,4638100,3712565,0.17
INV-H2-000857,1,Low Confidence Mapping,1489975,1161300,0.2
INV-H2-000858,1,Low Confidence Mapping,1511975,1256173,0.2
INV-H2-000859,1,Low Confidence Mapping,2356600,2319384,0.19
INV-H2-000860,1,Low Confidence Mapping,1076500,881275,0.19
INV-H2-000861,1,Low Confidence Mapping,579650,864006,0.2
INV-H2-000862,1,Low Confidence Mapping,2446400,2616211,0.19
INV-H2-000863,1,Low Confidence Mapping,2305150,3633341,0.2
INV-H2-000864,1,Low Confidence Mapping,3327150,3362605,0.2
INV-H2-000865,1,Low Confidence Mapping,2832900,3562260,0.19
INV-H2-000866,1,Low Confidence Mapping,2822450,4666306,0.2
INV-H2-000867,1,Low Confidence Mapping,3811025,2488507,0.2
INV-H2-000868,1,Low Confidence Mapping,589825,630595,0.2
INV-H2-000869,1,Low Confidence Mapping,3255025,3190248,0.18
INV-H2-000870,1,Low Confidence Mapping,1099925,1802208,0.19
INV-H2-000871,1,Low Confidence Mapping,753975,990570,0.19
INV-H2-000872,1,Low Confidence Mapping,2860825,1679132,0.16
INV-H2-000873,1,Low Confidence Mapping,1184875,1664581,0.2
INV-H2-000874,1,Low Confidence Mapping,9472800,2410707,0.16
INV-H2-000875,1,Low Confidence Mapping,1962425,2722964,0.22
INV-H2-000876,1,Low Confidence Mapping,461200,1040829,0.19
INV-H2-000877,1,Low Confidence Mapping,2204550,3481390,0.2
INV-H2-000878,1,Low Confidence Mapping,2216125,2151670,0.2
INV-H2-000879,1,Low Confidence Mapping,2463750,3294671,0.17
INV-H2-000880,1,Low Confidence Mapping,2337300,1774589,0.2
INV-H2-000881,1,Low Confidence Mapping,4818075,3902640,0.19
INV-H2-000882,1,Low Confidence Mapping,1589150,1718401,0.2
INV-H2-000883,1,Low Confidence Mapping,815625,1194295,0.18
INV-H2-000884,1,Low Confidence Mapping,1829800,2560306,0.19
INV-H2-000885,1,Low Confidence Mapping,1501150,2899515,0.17
INV-H2-000886,1,Low Confidence Mapping,2157025,2570948,0.19
INV-H2-000887,1,Low Confidence Mapping,527000,1055620,0.2
INV-H2-000888,1,Low Confidence Mapping,971050,1641200,0.18
INV-H2-000889,1,Low Confidence Mapping,4004350,3971554,0.17
INV-H2-000890,1,Low Confidence Mapping,5424500,3470378,0.18
INV-H2-000891,1,Low Confidence Mapping,3811300,1422344,0.2
INV-H2-000892,1,Low Confidence Mapping,4228825,2306705,0.18
INV-H2-000893,1,Low Confidence Mapping,1079825,1334726,0.2
INV-H2-000894,1,Low Confidence Mapping,2926400,2300208,0.2
INV-H2-000895,1,Low Confidence Mapping,3125075,4939046,0.18
INV-H2-000896,1,Low Confidence Mapping,931025,1684386,0.19
INV-H2-000897,1,Low Confidence Mapping,4333300,2935065,0.16
INV-H2-000898,1,Low Confidence Mapping,959750,1230187,0.2
INV-H2-000899,1,Low Confidence Mapping,1535050,1711521,0.2
INV-H2-000900,1,Low Confidence Mapping,1890525,2996206,0.19
INV-H2-000901,1,Low Confidence Mapping,2666450,5162873,0.19
INV-H2-000902,1,Low Confidence Mapping,1478825,2716978,0.18
INV-H2-000903,1,Low Confidence Mapping,2293200,2506101,0.17
INV-H2-000904,1,Low Confidence Mapping,1234875,2339730,0.21
INV-H2-000905,1,Low Confidence Mapping,2611175,2371477,0.16
INV-H2-000906,1,Low Confidence Mapping,1651000,1291819,0.2
INV-H2-000907,1,Low Confidence Mapping,1088475,796120,0.21
INV-H2-000908,1,Low Confidence Mapping,1794225,3840632,0.2
INV-H2-000909,1,Low Confidence Mapping,802275,1115895,0.21
INV-H2-000910,1,Low Confidence Mapping,1999675,3941744,0.18
INV-H2-000911,1,Low Confidence Mapping,692675,1279775,0.21
INV-H2-000912,1,Low Confidence Mapping,2274025,4148278,0.2
INV-H2-000913,1,Low Confidence Mapping,2449725,2740790,0.19
INV-H2-000914,1,Low Confidence Mapping,1498000,1607947,0.2
INV-H2-000915,1,Low Confidence Mapping,4720850,3380250,0.18
INV-H2-000916,1,Low Confidence Mapping,4252050,3841278,0.2
INV-H2-000917,1,Low Confidence Mapping,1263375,1849025,0.17
INV-H2-000918,1,Low Confidence Mapping,1680550,1475611,0.19
INV-H2-000919,1,Low Confidence Mapping,3201325,4108869,0.18
INV-H2-000920,1,Low Confidence Mapping,3056250,3002415,0.18
INV-H2-000921,1,Low Confidence Mapping,2734950,3728716,0.2
INV-H2-000922,1,Low Confidence Mapping,1451325,2658718,0.19
INV-H2-000923,1,Low Confidence Mapping,2017225,2188045,0.19
INV-H2-000924,1,Low Confidence Mapping,6108500,3217760,0.19
INV-H2-000925,1,Low Confidence Mapping,1609425,1861080,0.18
INV-H2-000926,1,Low Confidence Mapping,2330050,5266190,0.18
INV-H2-000927,1,Low Confidence Mapping,1402525,1298490,0.2
INV-H2-000928,1,Low Confidence Mapping,6659000,2278307,0.19
INV-H2-000929,1,Low Confidence Mapping,378975,977554,0.22
INV-H2-000930,1,Low Confidence Mapping,1840075,2200585,0.2
INV-H2-000931,1,Low Confidence Mapping,1484875,2076478,0.19
INV-H2-000932,1,Low Confidence Mapping,780400,1668085,0.19
INV-H2-000933,1,Low Confidence Mapping,889600,750403,0.2
INV-H2-000934,1,Low Confidence Mapping,1103450,1713705,0.21
INV-H2-000935,1,Low Confidence Mapping,1979750,1467418,0.21
INV-H2-000936,1,Low Confidence Mapping,7546050,4613985,0.17
INV-H2-000937,1,Low Confidence Mapping,2257000,2959847,0.19
INV-H2-000938,1,Low Confidence Mapping,2332425,3526755,0.2
INV-H2-000939,1,Low Confidence Mapping,3689225,3142154,0.2
INV-H2-000940,1,Low Confidence Mapping,1381625,2413189,0.21
INV-H2-000941,1,Low Confidence Mapping,1067200,1947890,0.21
INV-H2-000942,1,Low Confidence Mapping,880675,961953,0.22
INV-H2-000943,1,Low Confidence Mapping,8453725,4962117,0.18
INV-H2-000944,1,Low Confidence Mapping,935250,1246331,0.19
INV-H2-000945,1,Low Confidence Mapping,879050,1641371,0.2
INV-H2-000946,1,Low Confidence Mapping,1518475,1772674,0.19
INV-H2-000947,1,Low Confidence Mapping,2428400,2794550,0.18
INV-H2-000948,1,Low Confidence Mapping,1467700,1396291,0.2
INV-H2-000949,1,Low Confidence Mapping,2066200,3418986,0.18
INV-H2-000950,1,Low Confidence Mapping,1743150,2030127,0.19
INV-H2-000951,1,Low Confidence Mapping,4236000,3584619,0.2
INV-H2-000952,1,Low Confidence Mapping,2020700,4102060,0.2
INV-H2-000953,1,Low Confidence Mapping,2030775,3157954,0.18
INV-H2-000954,1,Low Confidence Mapping,2181575,3339291,0.18
INV-H2-000955,1,Low Confidence Mapping,1380100,1703199,0.2
INV-H2-000956,1,Low Confidence Mapping,2694950,1170448,0.18
INV-H2-000957,1,Low Confidence Mapping,2223925,3563324,0.19
INV-H2-000958,1,Low Confidence Mapping,1046375,1957650,0.21
INV-H2-000959,1,Low Confidence Mapping,1320425,1345550,0.2
INV-H2-000960,1,Low Confidence Mapping,3499775,1500075,0.2
INV-H2-000961,1,Low Confidence Mapping,5735650,1948476,0.19
INV-H2-000962,1,Low Confidence Mapping,2175800,3371295,0.17
INV-H2-000963,1,Low Confidence Mapping,2369875,2661080,0.2
INV-H2-000964,1,Low Confidence Mapping,2754400,2271587,0.2
INV-H2-000965,1,Low Confidence Mapping,240450,678034,0.19
INV-H2-000966,1,Low Confidence Mapping,1669750,1334073,0.18
INV-H2-000967,1,Low Confidence Mapping,1362350,2334120,0.18
INV-H2-000968,1,Low Confidence Mapping,2284150,1954872,0.21
INV-H2-000969,1,Low Confidence Mapping,2171750,2885795,0.2
INV-H2-000970,1,Low Confidence Mapping,3411650,3271559,0.16
INV-H2-000971,1,Low Confidence Mapping,2093325,3268943,0.19
INV-H2-000972,1,Low Confidence Mapping,3083775,3877395,0.19
INV-H2-000973,1,Low Confidence Mapping,2206175,2523532,0.17
INV-H2-000974,1,Low Confidence Mapping,1495850,3352291,0.21
INV-H2-000975,1,Low Confidence Mapping,3190475,3325550,0.16
INV-H2-000976,1,Low Confidence Mapping,2457575,4049089,0.19
INV-H2-000977,1,Low Confidence Mapping,2993725,3996544,0.19
INV-H2-000978,1,Low Confidence Mapping,340775,380876,0.2
INV-H2-000979,1,Low Confidence Mapping,821375,825685,0.19
INV-H2-000980,1,Low Confidence Mapping,282500,2052881,0.19
INV-H2-000981,1,Low Confidence Mapping,1756400,2343368,0.16
INV-H2-000982,1,Low Confidence Mapping,3267375,3876361,0.18
INV-H2-000983,1,Low Confidence Mapping,3503000,3185533,0.19
INV-H2-000984,1,Low Confidence Mapping,462250,516810,0.2
INV-H2-000985,1,Low Confidence Mapping,2795075,3565104,0.2
INV-H2-000986,1,Low Confidence Mapping,596825,932430,0.2
INV-H2-000987,1,Low Confidence Mapping,1313325,1026862,0.2
INV-H2-000988,1,Low Confidence Mapping,3370000,3748700,0.18
INV-H2-000989,1,Low Confidence Mapping,3837450,2155933,0.18
INV-H2-000990,1,Low Confidence Mapping,2133475,2687172,0.2
INV-H2-000991,1,Low Confidence Mapping,3886425,811530,0.21
INV-H2-000992,1,Low Confidence Mapping,1908050,2344754,0.19
INV-H2-000993,1,Low Confidence Mapping,880325,1695527,0.2
INV-H2-000994,1,Low Confidence Mapping,952425,1294275,0.19
INV-H2-000995,1,Low Confidence Mapping,2212075,2573468,0.17
INV-H2-000996,1,Low Confidence Mapping,2078250,2108707,0.18
INV-H2-000997,1,Low Confidence Mapping,2525100,1270700,0.16
INV-H2-000998,1,Low Confidence Mapping,2544775,1965345,0.18
INV-H2-000999,1,Low Confidence Mapping,6598425,4489680,0.2
INV-H2-001000,1,Low Confidence Mapping,1898875,3411735,0.18
INV-H2-001001,1,Low Confidence Mapping,3816975,2346146,0.18
INV-H2-001002,1,Low Confidence Mapping,4587350,1763106,0.2
INV-H2-001003,1,Low Confidence Mapping,361850,379589,0.2
INV-H2-001004,1,Low Confidence Mapping,437325,3103865,0.2
INV-H2-001005,1,Low Confidence Mapping,5932575,4211904,0.2
INV-H2-001006,1,Low Confidence Mapping,3154200,3328351,0.19
INV-H2-001007,1,Low Confidence Mapping,1104600,934999,0.2
INV-H2-001008,1,Low Confidence Mapping,1952425,2294556,0.19
INV-H2-001009,1,Low Confidence Mapping,3808875,3787504,0.2
INV-H2-001010,1,Low Confidence Mapping,678200,786344,0.19
INV-H2-001011,1,Low Confidence Mapping,1354975,2055812,0.18
INV-H2-001012,1,Low Confidence Mapping,3551175,4107401,0.19
INV-H2-001013,1,Low Confidence Mapping,1964850,1383635,0.18
INV-H2-001014,1,Low Confidence Mapping,2878100,2527018,0.2
INV-H2-001015,1,Low Confidence Mapping,6970150,4880061,0.18
INV-H2-001016,1,Low Confidence Mapping,1703350,1991256,0.19
INV-H2-001017,1,Low Confidence Mapping,3027600,3721701,0.18
INV-H2-001018,1,Low Confidence Mapping,1355550,3507077,0.18
INV-H2-001019,1,Low Confidence Mapping,3094350,3711920,0.2
INV-H2-001020,1,Low Confidence Mapping,1909350,4523784,0.18
INV-H2-001021,1,Low Confidence Mapping,3969125,3098186,0.18
INV-H2-001022,1,Low Confidence Mapping,790475,793850,0.21
INV-H2-001023,1,Low Confidence Mapping,751600,1275392,0.2
INV-H2-001024,1,Low Confidence Mapping,1269700,2254015,0.17
INV-H2-001025,1,Low Confidence Mapping,1813350,1871857,0.21
INV-H2-001026,1,Low Confidence Mapping,4378375,702100,0.18
INV-H2-001027,1,Low Confidence Mapping,2865050,1960235,0.19
INV-H2-001028,1,Low Confidence Mapping,139200,159581,0.2
INV-H2-001029,1,Low Confidence Mapping,1743850,1860990,0.2
INV-H2-001030,1,Low Confidence Mapping,2485025,3561932,0.18
INV-H2-001031,1,Low Confidence Mapping,2894650,4387478,0.19
INV-H2-001032,1,Low Confidence Mapping,699400,976266,0.19
INV-H2-001033,1,Low Confidence Mapping,7705875,2351755,0.2
INV-H2-001034,1,Low Confidence Mapping,2118675,2664625,0.2
INV-H2-000197,1,Low Confidence Mapping,5092650,3522408,0.16
INV-H2-001036,1,Low Confidence Mapping,2330625,3410841,0.2
INV-H2-001037,1,Low Confidence Mapping,2377675,3753669,0.18
INV-H2-001038,1,Low Confidence Mapping,5334600,1530398,0.19
INV-H2-001039,1,Low Confidence Mapping,3030850,2261611,0.19
INV-H2-001040,1,Low Confidence Mapping,972075,964376,0.23
INV-H2-001041,1,Low Confidence Mapping,2731700,4721224,0.19
INV-H2-001042,1,Low Confidence Mapping,4404725,1931251,0.19
INV-H2-001043,1,Low Confidence Mapping,3089325,3911612,0.19
INV-H2-001044,1,Low Confidence Mapping,788125,1319234,0.2
INV-H2-001045,1,Low Confidence Mapping,4262050,3893284,0.18
INV-H2-001046,1,Low Confidence Mapping,618075,946553,0.21
INV-H2-001047,1,Low Confidence Mapping,2800250,1526244,0.2
INV-H2-001048,1,Low Confidence Mapping,3683900,3651137,0.2
INV-H2-001049,1,Low Confidence Mapping,4026425,842398,0.2
INV-H2-001050,1,Low Confidence Mapping,5925175,2848318,0.19
INV-H2-001051,1,Low Confidence Mapping,3017525,3670705,0.21
INV-H2-001052,1,Low Confidence Mapping,1933825,3269428,0.19
INV-H2-001053,1,Low Confidence Mapping,2470250,4283250,0.2
INV-H2-001054,1,Low Confidence Mapping,2740975,1669538,0.19
INV-H2-001055,1,Low Confidence Mapping,2575850,2570725,0.19
INV-H2-001056,1,Low Confidence Mapping,3744900,4458458,0.19
INV-H2-001057,1,Low Confidence Mapping,1277825,1424605,0.18
INV-H2-001058,1,Low Confidence Mapping,1550625,2281516,0.18
INV-H2-001059,1,Low Confidence Mapping,718325,700562,0.21
INV-H2-001060,1,Low Confidence Mapping,1144000,1741993,0.18
INV-H2-001061,1,Low Confidence Mapping,648050,1466298,0.2
INV-H2-001062,1,Low Confidence Mapping,2865625,3235647,0.19
INV-H2-001063,1,Low Confidence Mapping,461300,905650,0.18
INV-H2-001064,1,Low Confidence Mapping,1745175,2263091,0.19
INV-H2-001065,1,Low Confidence Mapping,1525550,1793805,0.2
INV-H2-001066,1,Low Confidence Mapping,3882875,2585711,0.19
INV-H2-001067,1,Low Confidence Mapping,1864450,1750640,0.21
INV-H2-001068,1,Low Confidence Mapping,880700,2181943,0.2
INV-H2-001069,1,Low Confidence Mapping,911650,905847,0.18
INV-H2-001070,1,Low Confidence Mapping,2300750,3531763,0.19
INV-H2-001071,1,Low Confidence Mapping,1344000,1853918,0.17
INV-H2-001072,1,Low Confidence Mapping,1583400,2431361,0.18
INV-H2-001073,1,Low Confidence Mapping,3488275,3115140,0.2
INV-H2-001074,1,Low Confidence Mapping,2845650,2666241,0.2
INV-H2-001075,1,Low Confidence Mapping,1332775,1856660,0.17
INV-H2-001076,1,Low Confidence Mapping,6214100,3053262,0.17
INV-H2-001077,1,Low Confidence Mapping,2054875,2312311,0.18
INV-H2-001078,1,Low Confidence Mapping,2646225,3309778,0.17
INV-H2-001079,1,Low Confidence Mapping,2745425,3178980,0.17
INV-H2-001080,1,Low Confidence Mapping,4024250,3904131,0.18
INV-H2-001081,1,Low Confidence Mapping,664225,649333,0.17
INV-H2-001082,1,Low Confidence Mapping,1586500,1454970,0.18
INV-H2-001083,1,Low Confidence Mapping,2397050,3718784,0.18
INV-H2-001084,1,Low Confidence Mapping,1210225,1165486,0.18
INV-H2-001085,1,Low Confidence Mapping,987350,2098190,0.21
INV-H2-001086,1,Low Confidence Mapping,2501675,3300088,0.2
INV-H2-001087,1,Low Confidence Mapping,1145500,1064100,0.18
INV-H2-001088,1,Low Confidence Mapping,2087475,2403386,0.19
INV-H2-001089,1,Low Confidence Mapping,2038950,3054038,0.2
INV-H2-001090,1,Low Confidence Mapping,3151350,5040901,0.19
INV-H2-001091,1,Low Confidence Mapping,3005175,2834194,0.2
INV-H2-001092,1,Low Confidence Mapping,1253750,1713805,0.2
INV-H2-001093,1,Low Confidence Mapping,4968425,3647438,0.2
INV-H2-001094,1,Low Confidence Mapping,185750,185216,0.22
INV-H2-001095,1,Low Confidence Mapping,2625850,2758185,0.18
INV-H2-001096,1,Low Confidence Mapping,490400,2080320,0.19
INV-H2-001097,1,Low Confidence Mapping,655050,825286,0.18
INV-H2-001098,1,Low Confidence Mapping,409775,415220,0.2
INV-H2-001099,1,Low Confidence Mapping,1939700,740475,0.2
INV-H2-001100,1,Low Confidence Mapping,1241800,1429385,0.18
INV-H2-001101,1,Low Confidence Mapping,2637975,1998485,0.19
INV-H2-001102,1,Low Confidence Mapping,3292075,3652067,0.19
INV-H2-001103,1,Low Confidence Mapping,3133900,2203699,0.19
INV-H2-001104,1,Low Confidence Mapping,976725,1764560,0.2
INV-H2-001105,1,Low Confidence Mapping,1352800,1959400,0.18
INV-H2-001106,1,Low Confidence Mapping,1960075,2937640,0.2
INV-H2-001107,1,Low Confidence Mapping,1406775,1538659,0.2
INV-H2-001108,1,Low Confidence Mapping,2901925,1799203,0.2
INV-H2-001109,1,Low Confidence Mapping,1345100,935389,0.18
INV-H2-001110,1,Low Confidence Mapping,572300,1318632,0.18
INV-H2-001111,1,Low Confidence Mapping,3015225,3347740,0.2
INV-H2-001112,1,Low Confidence Mapping,1638850,3280806,0.18
INV-H2-001113,1,Low Confidence Mapping,796900,1474210,0.17
INV-H2-001114,1,Low Confidence Mapping,2616275,2250654,0.18
INV-H2-001115,1,Low Confidence Mapping,2300600,3882884,0.19
INV-H2-001116,1,Low Confidence Mapping,461150,1204505,0.19
INV-H2-001117,1,Low Confidence Mapping,3920525,3050848,0.2
INV-H2-001118,1,Low Confidence Mapping,1458025,1394553,0.2
INV-H2-001119,1,Low Confidence Mapping,723850,897234,0.2
INV-H2-001120,1,Low Confidence Mapping,2501050,2324144,0.2
INV-H2-001121,1,Low Confidence Mapping,1202650,1848810,0.19
INV-H2-001122,1,Low Confidence Mapping,722400,1189092,0.21
INV-H2-001123,1,Low Confidence Mapping,1541025,1761377,0.18
INV-H2-001124,1,Low Confidence Mapping,401075,1047455,0.19
INV-H2-001125,1,Low Confidence Mapping,1809125,1529979,0.19
INV-H2-001126,1,Low Confidence Mapping,3772550,3819014,0.19
INV-H2-001127,1,Low Confidence Mapping,1835150,1668997,0.18
INV-H2-001128,1,Low Confidence Mapping,2268750,3150596,0.19
INV-H2-001129,1,Low Confidence Mapping,888350,623988,0.18
INV-H2-001130,1,Low Confidence Mapping,1890425,3384668,0.18
INV-H2-001131,1,Low Confidence Mapping,1202175,1634825,0.19
INV-H2-001132,1,Low Confidence Mapping,3670325,3223295,0.18
INV-H3-000001,1,Low Confidence Mapping,3264300,3642525,0.5
INV-H3-000002,1,Low Confidence Mapping,2886775,2908235,0.43
INV-H3-000003,1,Low Confidence Mapping,4100800,4009560,0.43
INV-H3-000004,1,Low Confidence Mapping,3701350,4056505,0.38
INV-H3-000005,1,Low Confidence Mapping,6158100,5863300,0.44
INV-H3-000006,1,Low Confidence Mapping,5874525,5808766,0.37
INV-H3-000007,0,,3985625,3985625,0.37
INV-H3-000008,1,Low Confidence Mapping,2461225,1529125,0.49
INV-H3-000009,1,Low Confidence Mapping,1126400,1121650,0.5
INV-H3-000010,1,Low Confidence Mapping,3444100,3488955,0.43
INV-H3-000011,1,Low Confidence Mapping,2727700,2481031,0.42
INV-H3-000012,1,Low Confidence Mapping,2292225,2163625,0.43
INV-H3-000013,1,Low Confidence Mapping,1360550,1213100,0.41
INV-H3-000014,1,Low Confidence Mapping,3417975,3412575,0.5
INV-H3-000015,1,Low Confidence Mapping,1918275,1980335,0.42
INV-H3-000016,1,Low Confidence Mapping,4149175,4289481,0.42
INV-H3-000017,1,Low Confidence Mapping,4949250,4700676,0.44
INV-H3-000018,1,Low Confidence Mapping,4659625,4492825,0.44
INV-H3-000019,1,Low Confidence Mapping,5225550,3964925,0.43
INV-H3-000020,1,Low Confidence Mapping,2835550,2359575,0.43
INV-H3-000022,0,,1865125,1865125,0.52
INV-H3-000023,1,Low Confidence Mapping,4044500,4068300,0.44
INV-H3-000024,1,Low Confidence Mapping,2510325,2590825,0.44
INV-H3-000025,1,Low Confidence Mapping,3543850,3343645,0.38
INV-H3-000026,1,Low Confidence Mapping,4081375,3983224,0.4
INV-H3-000027,1,Low Confidence Mapping,1814950,1902412,0.37
INV-H3-000028,1,Low Confidence Mapping,1164950,1207741,0.39
INV-H3-000029,1,Low Confidence Mapping,794425,801990,0.54
INV-H3-000030,1,Low Confidence Mapping,3971000,2292535,0.43
INV-H3-000031,1,Low Confidence Mapping,2613125,2697916,0.4
INV-H3-000032,1,Low Confidence Mapping,2701475,3046405,0.43
INV-H3-000033,1,Low Confidence Mapping,2963850,2979500,0.43
INV-H3-000034,1,Low Confidence Mapping,2423850,2352800,0.44
INV-H3-000035,1,Low Confidence Mapping,2964325,3007590,0.43
INV-H3-000036,1,Low Confidence Mapping,3207550,3181885,0.48
INV-H3-000037,0,,1593850,1593850,0.52
INV-H3-000038,1,Low Confidence Mapping,3803750,3550097,0.39
INV-H3-000039,1,Low Confidence Mapping,1362525,1622500,0.49
INV-H3-000040,1,Low Confidence Mapping,1076175,1165154,0.43
INV-H3-000041,0,,2802550,2802550,0.51
INV-H3-000042,1,Low Confidence Mapping,2002625,2193035,0.41
INV-H3-000043,0,,720875,720875,0.47
INV-H3-000044,1,Low Confidence Mapping,4781850,5049850,0.43
INV-H3-000045,1,Low Confidence Mapping,2700725,2978630,0.37
INV-H3-000046,1,Low Confidence Mapping,1226075,1238675,0.51
INV-H3-000047,1,Low Confidence Mapping,2220775,2054775,0.39
INV-H3-000048,1,Low Confidence Mapping,2421825,2452592,0.47
INV-H3-000049,1,Low Confidence Mapping,799850,771475,0.4
INV-H3-000050,1,Low Confidence Mapping,3774000,3788788,0.43
INV-H3-000051,1,Low Confidence Mapping,4139275,4306608,0.38
INV-H3-000052,1,Low Confidence Mapping,4328425,4375660,0.44
INV-H3-000053,1,Low Confidence Mapping,2795750,2824325,0.38
INV-H3-000054,0,,2050950,2050950,0.63
INV-H3-000055,0,,1356475,1356475,0.5
INV-H3-000056,1,Low Confidence Mapping,2446325,2316310,0.45
INV-H3-000057,1,Low Confidence Mapping,2618700,2522185,0.53
INV-H3-000058,1,Low Confidence Mapping,3193500,3176856,0.44
INV-H3-000059,1,Low Confidence Mapping,4752025,4533925,0.43
INV-H3-000060,1,Low Confidence Mapping,2276500,2186260,0.57
INV-H3-000061,1,Low Confidence Mapping,6638075,6342830,0.44
INV-H3-000062,1,Low Confidence Mapping,2133800,2046525,0.41
INV-H3-000063,1,Low Confidence Mapping,1705825,1608750,0.5
INV-H3-000064,1,Low Confidence Mapping,1554150,1413981,0.45
INV-H3-000065,1,Low Confidence Mapping,4167850,4144800,0.49
INV-H3-000066,1,Low Confidence Mapping,1892500,1563198,0.43
INV-H3-000067,1,Low Confidence Mapping,2258900,2127583,0.41
INV-H3-000068,1,Low Confidence Mapping,3636775,3582177,0.43
INV-H3-000069,1,Low Confidence Mapping,2426475,1948889,0.42
INV-H3-000070,1,Low Confidence Mapping,5609650,5801500,0.4
INV-H3-000021,1,Low Confidence Mapping,5826425,2736005,0.33
INV-H3-000072,1,Low Confidence Mapping,2246775,2149805,0.55
INV-H3-000073,1,Low Confidence Mapping,5761250,5710575,0.56
INV-H3-000074,1,Low Confidence Mapping,1975000,2059630,0.38
INV-H3-000075,1,Low Confidence Mapping,1204800,1177124,0.58
INV-H3-000076,1,Low Confidence Mapping,2172200,2139789,0.37
INV-H3-000077,1,Low Confidence Mapping,2825050,2827872,0.44
INV-H3-000078,1,Low Confidence Mapping,4689075,4439952,0.43
INV-H3-000079,1,Low Confidence Mapping,2693500,2659250,0.34
INV-H3-000080,1,Low Confidence Mapping,4850150,3198350,0.39
INV-H3-000081,1,Low Confidence Mapping,2240925,2271606,0.44
INV-H3-000082,1,Low Confidence Mapping,5762575,5772667,0.45
INV-H3-000083,1,Low Confidence Mapping,3242725,3575616,0.38
INV-H3-000084,1,Low Confidence Mapping,4464750,4270818,0.42
INV-H3-000086,1,Low Confidence Mapping,1381375,1361098,0.34
INV-H3-000087,1,Low Confidence Mapping,3331850,3266259,0.44
INV-H3-000088,1,Low Confidence Mapping,4029975,4111813,0.38
INV-H3-000089,1,Low Confidence Mapping,4380275,4265609,0.43
INV-H3-000090,1,Low Confidence Mapping,3710975,1808731,0.54
INV-H3-000091,1,Low Confidence Mapping,3351775,3303970,0.5
INV-H3-000092,1,Low Confidence Mapping,986825,925781,0.41
INV-H3-000093,1,Low Confidence Mapping,6619750,6133006,0.4
INV-H3-000094,1,Low Confidence Mapping,2256550,2092468,0.4
INV-H3-000095,1,Low Confidence Mapping,4498425,2789037,0.43
INV-H3-000096,1,Low Confidence Mapping,4376775,4412053,0.38
INV-H3-000097,1,Low Confidence Mapping,1082275,1000564,0.41
INV-H3-000098,1,Low Confidence Mapping,2210575,2735414,0.4
INV-H3-000099,1,Low Confidence Mapping,2604025,2625691,0.53
INV-H3-000100,0,,2109675,2109675,0.44
INV-H3-000085,1,Low Confidence Mapping,5286550,1367319,0.41
INV-H3-000102,1,Low Confidence Mapping,5530550,5255671,0.43
INV-H3-000103,1,Low Confidence Mapping,2405825,2296594,0.47
INV-H3-000104,1,Low Confidence Mapping,5068100,4911160,0.41
INV-H3-000105,1,Low Confidence Mapping,1106525,1192953,0.49
INV-H3-000106,1,Low Confidence Mapping,2825775,2634361,0.44
INV-H3-000107,1,Low Confidence Mapping,2525750,2584378,0.43
INV-H3-000108,1,Low Confidence Mapping,3817925,4367322,0.43
INV-H3-000109,1,Low Confidence Mapping,7058775,5408087,0.39
INV-H3-000110,1,Low Confidence Mapping,1788450,1684768,0.53
INV-H3-000111,1,Low Confidence Mapping,2331000,2383875,0.53
INV-H3-000112,1,Low Confidence Mapping,1873375,1742398,0.47
INV-H3-000113,1,Low Confidence Mapping,5757025,5731381,0.44
INV-H3-000114,1,Low Confidence Mapping,1259700,1192814,0.52
INV-H3-000115,1,Low Confidence Mapping,3328425,2667417,0.43
INV-H3-000116,1,Low Confidence Mapping,3876425,4073539,0.44
INV-H3-000117,1,Low Confidence Mapping,1101825,1089825,0.54
INV-H3-000118,1,Low Confidence Mapping,1903975,1748994,0.53
INV-H3-000119,1,Low Confidence Mapping,4082250,3946345,0.38
INV-H3-000120,1,Low Confidence Mapping,2376825,2310243,0.43
INV-H3-000121,1,Low Confidence Mapping,3422075,3402473,0.47
INV-H3-000122,1,Low Confidence Mapping,4393325,5179244,0.43
INV-H3-000123,1,Low Confidence Mapping,2068650,2039450,0.53
INV-H3-000124,1,Low Confidence Mapping,4241950,4141162,0.44
INV-H3-000125,1,Low Confidence Mapping,2380550,2340795,0.4
INV-H3-000126,1,Low Confidence Mapping,5394800,5640439,0.38
INV-H3-000127,1,Low Confidence Mapping,5233675,5644242,0.34
INV-H3-000128,1,Low Confidence Mapping,859025,881729,0.5
INV-H3-000129,1,Low Confidence Mapping,4341550,4240496,0.47
INV-H3-000130,0,,1372600,1372600,0.52
INV-H3-000131,1,Low Confidence Mapping,3545525,2896247,0.43
INV-H3-000132,1,Low Confidence Mapping,2228625,2052490,0.38
INV-H3-000133,0,,1012000,1012000,0.39
INV-H3-000134,1,Low Confidence Mapping,3045725,2953243,0.38
INV-H3-000135,1,Low Confidence Mapping,1685200,1778600,0.41
INV-H3-000136,1,Low Confidence Mapping,5462750,4579968,0.49
INV-H3-000137,1,Low Confidence Mapping,7062675,4394713,0.36
INV-H3-000138,1,Low Confidence Mapping,6926250,4478817,0.41
INV-H3-000139,1,Low Confidence Mapping,1684050,2278850,0.48
INV-H3-000140,1,Low Confidence Mapping,1757400,1739448,0.38
INV-H3-000141,1,Low Confidence Mapping,3559850,3488845,0.43
INV-H3-000142,1,Low Confidence Mapping,3626150,3506118,0.43
INV-H3-000143,1,Low Confidence Mapping,5798250,5464650,0.41
INV-H3-000144,1,Low Confidence Mapping,2912150,3387332,0.39
INV-H3-000145,1,Low Confidence Mapping,790800,678827,0.47
INV-H3-000146,1,Low Confidence Mapping,1679100,1562883,0.51
INV-H3-000147,1,Low Confidence Mapping,5124400,5040665,0.42
INV-H3-000149,1,Low Confidence Mapping,2118575,2077987,0.46
INV-H3-000150,1,Low Confidence Mapping,3612375,2849287,0.38
INV-H3-000151,1,Low Confidence Mapping,4030125,3755802,0.51
INV-H3-000152,1,Low Confidence Mapping,2205150,2359561,0.43
INV-H3-000153,1,Low Confidence Mapping,275825,267839,0.44
INV-H3-000154,1,Low Confidence Mapping,1759950,1491125,0.46
INV-H3-000155,1,Low Confidence Mapping,3601550,3687556,0.46
INV-H3-000156,1,Low Confidence Mapping,4709225,4073409,0.43
INV-H3-000157,1,Low Confidence Mapping,5733775,6489494,0.38
INV-H3-000158,1,Low Confidence Mapping,4918850,4430967,0.39
INV-H3-000159,1,Low Confidence Mapping,6059650,5737941,0.36
INV-H3-000160,1,Low Confidence Mapping,4012425,3567475,0.37
INV-H3-000161,1,Low Confidence Mapping,2247250,2090866,0.49
INV-H3-000162,1,Low Confidence Mapping,742275,715835,0.53
INV-H3-000163,1,Low Confidence Mapping,1964400,1920810,0.39
INV-H3-000164,1,Low Confidence Mapping,3371125,3537602,0.41
INV-H3-000165,1,Low Confidence Mapping,2773450,2458930,0.38
INV-H3-000166,0,,667075,667075,0.53
INV-H3-000167,1,Low Confidence Mapping,3140100,3634942,0.45
INV-H3-000168,1,Low Confidence Mapping,3519375,3306363,0.38
INV-H3-000169,1,Low Confidence Mapping,1827950,1786082,0.45
INV-H3-000170,1,Low Confidence Mapping,3380825,2347891,0.43
INV-H3-000171,1,Low Confidence Mapping,3990925,3861805,0.46
INV-H3-000172,1,Low Confidence Mapping,3621525,3824234,0.38
INV-H3-000173,1,Low Confidence Mapping,2879675,2611235,0.39
INV-H3-000174,1,Low Confidence Mapping,1595575,1545170,0.51
INV-H3-000175,1,Low Confidence Mapping,2538875,2449375,0.37
INV-H3-000176,1,Low Confidence Mapping,1360875,1326312,0.43
INV-H3-000177,1,Low Confidence Mapping,1386250,1316762,0.41
INV-H3-000178,1,Low Confidence Mapping,1677425,1664920,0.37
INV-H3-000179,1,Low Confidence Mapping,1736850,1627201,0.41
INV-H3-000180,1,Low Confidence Mapping,2262325,2072229,0.44
INV-H3-000181,1,Low Confidence Mapping,5231100,4635942,0.51
INV-H3-000182,1,Low Confidence Mapping,2382275,2506010,0.41
INV-H3-000183,1,Low Confidence Mapping,795825,1069831,0.43
INV-H3-000184,1,Low Confidence Mapping,2544875,2893431,0.41
INV-H3-000185,1,Low Confidence Mapping,4606050,4468402,0.39
INV-H3-000186,1,Low Confidence Mapping,1354100,1192225,0.46
INV-H3-000187,1,Low Confidence Mapping,4420350,4406200,0.42
INV-H3-000188,1,Low Confidence Mapping,2860900,2658062,0.58
INV-H3-000189,1,Low Confidence Mapping,1770125,1668701,0.45
INV-H3-000190,1,Low Confidence Mapping,1885575,1781390,0.52
INV-H3-000191,1,Low Confidence Mapping,1211575,1130450,0.43
INV-H3-000192,1,Low Confidence Mapping,2166450,895350,0.45
INV-H3-000193,1,Low Confidence Mapping,910200,860651,0.52
INV-H3-000194,1,Low Confidence Mapping,2451400,2276804,0.45
INV-H3-000195,1,Low Confidence Mapping,6479400,5677016,0.43
INV-H3-000196,1,Low Confidence Mapping,3758900,3350736,0.36
INV-H3-000197,1,Low Confidence Mapping,4201525,3991765,0.45
INV-H3-000198,1,Low Confidence Mapping,3600275,4266496,0.42
INV-H3-000199,1,Low Confidence Mapping,3179525,3188609,0.43
INV-H3-000200,1,Low Confidence Mapping,4284850,3939560,0.38
INV-H3-000201,1,Low Confidence Mapping,3598800,3392518,0.45
INV-H3-000202,1,Low Confidence Mapping,5009050,4554734,0.44
INV-H3-000203,1,Low Confidence Mapping,4688750,4626878,0.45
INV-H3-000204,1,Low Confidence Mapping,5790275,4962801,0.44
INV-H3-000205,1,Low Confidence Mapping,3870775,4071739,0.5
INV-H3-000206,1,Low Confidence Mapping,923075,967030,0.39
INV-H3-000207,1,Low Confidence Mapping,3396025,3464947,0.46
INV-H3-000208,1,Low Confidence Mapping,2125875,2132220,0.39
INV-H3-000209,1,Low Confidence Mapping,2865275,2664782,0.4
INV-H3-000210,1,Low Confidence Mapping,6517650,6902928,0.42
INV-H3-000211,1,Low Confidence Mapping,1580500,1435800,0.43
INV-H3-000212,1,Low Confidence Mapping,3518900,3418255,0.44
INV-H3-000213,1,Low Confidence Mapping,1936675,1888375,0.38
INV-H3-000214,1,Low Confidence Mapping,1830150,1904090,0.43
INV-H3-000215,1,Low Confidence Mapping,2838700,2252954,0.43
INV-H3-000216,1,Low Confidence Mapping,610825,517255,0.43
INV-H3-000217,1,Low Confidence Mapping,2841500,2821690,0.38
INV-H3-000218,1,Low Confidence Mapping,4494950,4377877,0.44
INV-H3-000219,1,Low Confidence Mapping,4206500,4121103,0.44
INV-H3-000220,1,Low Confidence Mapping,1918975,1382975,0.37
INV-H3-000221,1,Low Confidence Mapping,3031700,2882235,0.45
INV-H3-000222,0,,1062375,1062375,0.47
INV-H3-000223,1,Low Confidence Mapping,3161275,2978097,0.43
INV-H3-000224,1,Low Confidence Mapping,1173800,1243799,0.38
INV-H3-000225,1,Low Confidence Mapping,1051650,990660,0.52
INV-H3-000226,1,Low Confidence Mapping,2643425,2782237,0.43
INV-H3-000227,1,Low Confidence Mapping,4412000,4352271,0.46
INV-H3-000228,1,Low Confidence Mapping,3648375,3318527,0.42
INV-H3-000229,1,Low Confidence Mapping,4251750,4267784,0.44
INV-H3-000230,1,Low Confidence Mapping,4645775,4647480,0.45
INV-H3-000231,1,Low Confidence Mapping,4579225,4454522,0.44
INV-H3-000232,1,Low Confidence Mapping,2549225,2474922,0.45
INV-H3-000233,1,Low Confidence Mapping,3720225,2454675,0.44
INV-H3-000234,1,Low Confidence Mapping,1368125,1394090,0.45
INV-H3-000235,1,Low Confidence Mapping,1037200,1007120,0.48
INV-H3-000236,1,Low Confidence Mapping,3245600,3145160,0.46
INV-H3-000237,1,Low Confidence Mapping,1789925,2095800,0.43
INV-H3-000238,1,Low Confidence Mapping,2216975,2090769,0.48
INV-H3-000239,1,Low Confidence Mapping,2525275,2210402,0.38
INV-H3-000240,1,Low Confidence Mapping,4089975,3109331,0.42
INV-H3-000241,1,Low Confidence Mapping,2640425,2422456,0.54
INV-H3-000242,1,Low Confidence Mapping,3631875,1954782,0.44
INV-H3-000243,1,Low Confidence Mapping,2800000,2866363,0.39
INV-H3-000244,1,Low Confidence Mapping,1169000,1227080,0.38
INV-H3-000245,1,Low Confidence Mapping,695500,967183,0.49
INV-H3-000246,1,Low Confidence Mapping,2079625,2031615,0.48
INV-H3-000247,1,Low Confidence Mapping,2700750,2467420,0.43
INV-H3-000248,1,Low Confidence Mapping,3117725,3758220,0.42
INV-H3-000249,1,Low Confidence Mapping,3335275,3239761,0.44
INV-H3-000250,1,Low Confidence Mapping,2474300,2330052,0.44
INV-H3-000251,1,Low Confidence Mapping,1510275,1281594,0.4
INV-H3-000252,1,Low Confidence Mapping,2587575,2668032,0.46
INV-H3-000253,1,Low Confidence Mapping,3007250,3078925,0.38
INV-H3-000254,1,Low Confidence Mapping,4773150,4473568,0.36
INV-H3-000255,1,Low Confidence Mapping,1762375,1758575,0.58
INV-H3-000256,1,Low Confidence Mapping,3473800,3038692,0.36
INV-H3-000257,1,Low Confidence Mapping,2040975,2063175,0.52
INV-H3-000258,1,Low Confidence Mapping,1277725,775102,0.47
INV-H3-000259,1,Low Confidence Mapping,2907575,2849928,0.5
INV-H3-000260,1,Low Confidence Mapping,2093650,1972756,0.57
INV-H3-000261,1,Low Confidence Mapping,2355550,2140758,0.52
INV-H3-000262,1,Low Confidence Mapping,4894325,4801913,0.34
INV-H3-000263,1,Low Confidence Mapping,1392375,1293748,0.42
INV-H3-000264,1,Low Confidence Mapping,3787075,3302277,0.44
INV-H3-000265,1,Low Confidence Mapping,3507800,3208663,0.33
INV-H3-000266,1,Low Confidence Mapping,5497575,5056653,0.41
INV-H3-000267,1,Low Confidence Mapping,1450925,1268756,0.46
INV-H3-000268,1,Low Confidence Mapping,950975,1055840,0.39
INV-H3-000269,1,Low Confidence Mapping,1922250,1423991,0.4
INV-H3-000270,1,Low Confidence Mapping,1583750,1420122,0.5
INV-H3-000271,1,Low Confidence Mapping,4062475,3940067,0.38
INV-H3-000272,1,Low Confidence Mapping,2504625,972608,0.43
INV-H3-000273,1,Low Confidence Mapping,4417250,4077755,0.43
INV-H3-000274,1,Low Confidence Mapping,2417650,2246868,0.43
INV-H3-000275,1,Low Confidence Mapping,3936250,2336290,0.49
INV-H3-000276,1,Low Confidence Mapping,2530100,2575410,0.41
INV-H3-000277,1,Low Confidence Mapping,2720800,2833247,0.41
INV-H3-000278,1,Low Confidence Mapping,4290200,4185298,0.48
INV-H3-000279,1,Low Confidence Mapping,2756350,2675759,0.37
INV-H3-000280,1,Low Confidence Mapping,1431825,1482837,0.49
INV-H3-000281,1,Low Confidence Mapping,3013375,2087514,0.44
INV-H3-000282,1,Low Confidence Mapping,1310525,1465854,0.41
INV-H3-000283,1,Low Confidence Mapping,3879425,4428835,0.43
INV-H3-000284,1,Low Confidence Mapping,4988850,4960090,0.46
INV-H3-000285,1,Low Confidence Mapping,3566375,3738460,0.43
INV-H3-000286,1,Low Confidence Mapping,2888125,2583800,0.51
INV-H3-000287,1,Low Confidence Mapping,2967950,2856585,0.44
INV-H3-000288,1,Low Confidence Mapping,2042975,1668069,0.43
INV-H3-000289,1,Low Confidence Mapping,2409025,2079560,0.38
INV-H3-000290,1,Low Confidence Mapping,1462225,1305288,0.48
INV-H3-000291,1,Low Confidence Mapping,3765150,3600303,0.46
INV-H3-000292,1,Low Confidence Mapping,2469775,3120806,0.48
INV-H3-000293,1,Low Confidence Mapping,5111950,5029915,0.41
INV-H3-000294,1,Low Confidence Mapping,1999150,1846274,0.39
INV-H3-000295,1,Low Confidence Mapping,3227775,3321134,0.43
INV-H3-000296,1,Low Confidence Mapping,918875,875377,0.43
INV-H3-000297,1,Low Confidence Mapping,4433125,4008253,0.38
INV-H3-000298,1,Low Confidence Mapping,1018125,1280597,0.45
INV-H3-000299,1,Low Confidence Mapping,5384550,4663843,0.43
INV-H3-000300,1,Low Confidence Mapping,2245550,2366504,0.38
INV-H3-000301,1,Low Confidence Mapping,627725,584765,0.57
INV-H3-000302,1,Low Confidence Mapping,3035375,2851784,0.43
INV-H3-000303,1,Low Confidence Mapping,2402550,2398761,0.44
INV-H3-000304,1,Low Confidence Mapping,2346850,2254728,0.37
INV-H3-000305,1,Low Confidence Mapping,5185675,5369852,0.43
INV-H3-000306,1,Low Confidence Mapping,2858150,2291309,0.51
INV-H3-000307,1,Low Confidence Mapping,3033650,2979876,0.43
INV-H3-000308,1,Low Confidence Mapping,5846225,5674337,0.39
INV-H3-000309,1,Low Confidence Mapping,1150500,1255941,0.57
INV-H3-000310,1,Low Confidence Mapping,4847325,3579397,0.46
INV-H3-000311,1,Low Confidence Mapping,2713600,2669817,0.38
INV-H3-000312,1,Low Confidence Mapping,3246625,2120285,0.47
INV-H3-000313,1,Low Confidence Mapping,1225550,1656090,0.43
INV-H3-000314,1,Low Confidence Mapping,2828775,2584085,0.37
INV-H3-000315,1,Low Confidence Mapping,3492800,2808637,0.38
INV-H3-000316,1,Low Confidence Mapping,3163650,2965511,0.41
INV-H3-000317,1,Low Confidence Mapping,1448925,1409111,0.57
INV-H3-000318,1,Low Confidence Mapping,2070425,2002531,0.37
INV-H3-000319,1,Low Confidence Mapping,2068075,1994444,0.41
INV-H3-000320,1,Low Confidence Mapping,3769175,3519298,0.55
INV-H3-000321,1,Low Confidence Mapping,816550,809375,0.48
INV-H3-000322,1,Low Confidence Mapping,5833025,4460091,0.41
INV-H3-000323,1,Low Confidence Mapping,5369900,4914608,0.41
INV-H3-000325,1,Low Confidence Mapping,4537950,4438825,0.44
INV-H3-000326,1,Low Confidence Mapping,1260200,1176004,0.47
INV-H3-000327,1,Low Confidence Mapping,3485100,2881395,0.43
INV-H3-000328,1,Low Confidence Mapping,3358125,3115283,0.43
INV-H3-000329,1,Low Confidence Mapping,7103525,5813300,0.34
INV-H3-000330,1,Low Confidence Mapping,3219700,3100873,0.34
INV-H3-000331,1,Low Confidence Mapping,2960825,2407428,0.59
INV-H3-000332,1,Low Confidence Mapping,4704825,4925293,0.33
INV-H3-000333,1,Low Confidence Mapping,1612450,1677524,0.47
INV-H3-000335,1,Low Confidence Mapping,4453250,3284145,0.4
INV-H3-000336,1,Low Confidence Mapping,3799075,4078379,0.38
INV-H3-000337,1,Low Confidence Mapping,1651700,1678515,0.49
INV-H3-000338,1,Low Confidence Mapping,3703125,3561443,0.37
INV-H3-000339,1,Low Confidence Mapping,992175,914300,0.55
INV-H3-000340,1,Low Confidence Mapping,4331350,3870957,0.4
INV-H3-000341,1,Low Confidence Mapping,879100,1351390,0.42
INV-H3-000342,1,Low Confidence Mapping,4194900,3544012,0.36
INV-H3-000343,1,Low Confidence Mapping,5322775,5494992,0.38
INV-H3-000344,1,Low Confidence Mapping,3115125,3057951,0.43
INV-H3-000148,1,Low Confidence Mapping,5530000,1367695,0.44
INV-H3-000346,1,Low Confidence Mapping,2546000,2421974,0.41
INV-H3-000347,1,Low Confidence Mapping,1486475,1822098,0.47
INV-H3-000348,1,Low Confidence Mapping,1191400,1258643,0.47
INV-H3-000349,1,Low Confidence Mapping,3309275,3318030,0.34
INV-H3-000350,1,Low Confidence Mapping,4233800,3643337,0.38
INV-H3-000351,1,Low Confidence Mapping,1167525,940257,0.53
INV-H3-000353,1,Low Confidence Mapping,3089475,3005067,0.39
INV-H3-000354,1,Low Confidence Mapping,1762750,1327549,0.36
INV-H3-000355,1,Low Confidence Mapping,2666350,2542679,0.46
INV-H3-000356,1,Low Confidence Mapping,1756700,893175,0.38
INV-H3-000357,1,Low Confidence Mapping,963875,724170,0.41
INV-H3-000358,1,Low Confidence Mapping,2560175,2515793,0.52
INV-H3-000359,1,Low Confidence Mapping,1492000,1321233,0.51
INV-H3-000360,1,Low Confidence Mapping,2174125,1872785,0.45
INV-H3-000361,1,Low Confidence Mapping,835025,680391,0.44
INV-H3-000362,1,Low Confidence Mapping,2800800,2478315,0.47
INV-H3-000363,1,Low Confidence Mapping,2012150,2021865,0.43
INV-H3-000364,1,Low Confidence Mapping,674550,717492,0.43
INV-H3-000365,1,Low Confidence Mapping,1758800,2076880,0.41
INV-H3-000366,1,Low Confidence Mapping,1635650,1721197,0.59
INV-H3-000367,1,Low Confidence Mapping,1269625,1226552,0.43
INV-H3-000368,1,Low Confidence Mapping,3054325,2454243,0.44
INV-H3-000369,1,Low Confidence Mapping,1068400,987804,0.51
INV-H3-000370,1,Low Confidence Mapping,1577775,1644625,0.41
INV-H3-000371,1,Low Confidence Mapping,655400,757680,0.44
INV-H3-000372,1,Low Confidence Mapping,4029750,3705794,0.42
INV-H3-000373,1,Low Confidence Mapping,2444400,2974080,0.47
INV-H3-000374,1,Low Confidence Mapping,2670850,2207638,0.47
INV-H3-000375,1,Low Confidence Mapping,3526275,3934697,0.43
INV-H3-000376,1,Low Confidence Mapping,3878225,2699524,0.47
INV-H3-000377,1,Low Confidence Mapping,1686025,1450513,0.43
INV-H3-000378,1,Low Confidence Mapping,1520925,695900,0.48
INV-H3-000379,1,Low Confidence Mapping,3603225,3426839,0.46
INV-H3-000380,1,Low Confidence Mapping,2696625,2527400,0.55
INV-H3-000382,1,Low Confidence Mapping,2606250,2422535,0.43
INV-H3-000383,1,Low Confidence Mapping,1684225,1443865,0.43
INV-H3-000384,0,,1841225,1841225,0.54
INV-H3-000385,1,Low Confidence Mapping,1278500,1162656,0.58
INV-H3-000386,1,Low Confidence Mapping,3705950,3538584,0.49
INV-H3-000387,1,Low Confidence Mapping,1205425,1167943,0.53
INV-H3-000388,1,Low Confidence Mapping,1478225,1485550,0.54
INV-H3-000389,1,Low Confidence Mapping,3194300,2820751,0.39
INV-H3-000390,1,Low Confidence Mapping,2947125,3011640,0.43
INV-H3-000391,1,Low Confidence Mapping,2499525,2317653,0.44
INV-H3-000392,1,Low Confidence Mapping,6741425,6412428,0.37
INV-H3-000393,0,,1479500,1479500,0.49
INV-H3-000394,1,Low Confidence Mapping,1681850,1354133,0.46
INV-H3-000395,1,Low Confidence Mapping,4519350,4059927,0.45
INV-H3-000396,1,Low Confidence Mapping,5069175,4882503,0.43
INV-H3-000397,1,Low Confidence Mapping,872875,1053916,0.42
INV-H3-000398,1,Low Confidence Mapping,4153925,4307147,0.43
INV-H3-000399,1,Low Confidence Mapping,2716275,2061652,0.44
INV-H3-000400,1,Low Confidence Mapping,2508100,2273634,0.44
INV-H3-000401,1,Low Confidence Mapping,2235525,2289619,0.45
INV-H3-000402,1,Low Confidence Mapping,1050525,1030376,0.49
INV-H3-000403,1,Low Confidence Mapping,1824125,1723380,0.46
INV-H3-000404,1,Low Confidence Mapping,2327875,2432324,0.41
INV-H3-000405,1,Low Confidence Mapping,2317125,2754465,0.44
INV-H3-000406,1,Low Confidence Mapping,1050325,1330794,0.41
INV-H3-000407,1,Low Confidence Mapping,1660775,1651890,0.41
INV-H3-000408,1,Low Confidence Mapping,3578750,3571126,0.37
INV-H3-000409,1,Low Confidence Mapping,842200,847213,0.43
INV-H3-000410,1,Low Confidence Mapping,2929625,2640415,0.52
INV-H3-000411,1,Low Confidence Mapping,2621975,2285301,0.51
INV-H3-000412,1,Low Confidence Mapping,3452625,3431121,0.46
INV-H3-000413,1,Low Confidence Mapping,2863575,1623251,0.52
INV-H3-000414,1,Low Confidence Mapping,2611375,2582215,0.44
INV-H3-000415,1,Low Confidence Mapping,2442450,2317974,0.51
INV-H3-000416,1,Low Confidence Mapping,3604525,3501130,0.43
INV-H3-000417,1,Low Confidence Mapping,3140850,3108901,0.42
INV-H3-000418,1,Low Confidence Mapping,2506275,2477993,0.38
INV-H3-000419,1,Low Confidence Mapping,4468650,4102600,0.37
INV-H3-000420,1,Low Confidence Mapping,3850250,3515258,0.43
INV-H3-000421,1,Low Confidence Mapping,6090600,4445080,0.47
INV-H3-000422,1,Low Confidence Mapping,2071250,2027914,0.34
INV-H3-000423,1,Low Confidence Mapping,5391625,5380751,0.44
INV-H3-000424,1,Low Confidence Mapping,1662150,1658950,0.44
INV-H3-000425,1,Low Confidence Mapping,2480925,2704525,0.36
INV-H3-000426,1,Low Confidence Mapping,6213700,3195393,0.41
INV-H3-000427,1,Low Confidence Mapping,3856225,3691222,0.54
INV-H3-000428,1,Low Confidence Mapping,4220775,4079374,0.43
INV-H3-000429,1,Low Confidence Mapping,2014100,1635812,0.38
INV-H3-000430,1,Low Confidence Mapping,7206525,5691368,0.43
INV-H3-000431,1,Low Confidence Mapping,2439925,2216726,0.47
INV-H3-000432,1,Low Confidence Mapping,3152250,3930653,0.41
INV-H3-000433,1,Low Confidence Mapping,3933575,3852667,0.42
INV-H3-000434,1,Low Confidence Mapping,2729475,2688649,0.46
INV-H3-000435,1,Low Confidence Mapping,4844950,4711705,0.49
INV-H3-000436,1,Low Confidence Mapping,2682075,2701125,0.42
INV-H3-000437,1,Low Confidence Mapping,3298175,2947453,0.41
INV-H3-000438,1,Low Confidence Mapping,1937625,1846603,0.37
INV-H3-000439,1,Low Confidence Mapping,3354700,3044934,0.38
INV-H3-000440,1,Low Confidence Mapping,1887600,1837069,0.37
INV-H3-000441,1,Low Confidence Mapping,1327525,1325956,0.46
INV-H3-000442,1,Low Confidence Mapping,4005700,3988025,0.46
INV-H3-000443,1,Low Confidence Mapping,4501100,4655612,0.33
INV-H3-000334,1,Low Confidence Mapping,7220450,3368965,0.36
INV-H3-000445,0,,1187550,1187550,0.49
INV-H3-000446,1,Low Confidence Mapping,4069175,3993475,0.5
INV-H3-000447,1,Low Confidence Mapping,694300,972204,0.43
INV-H3-000448,1,Low Confidence Mapping,4460400,4355694,0.42
INV-H3-000449,1,Low Confidence Mapping,1423125,1622474,0.44
INV-H3-000450,1,Low Confidence Mapping,4525625,4008686,0.36
INV-H3-000381,1,Low Confidence Mapping,5286575,1876500,0.33
INV-H3-000452,1,Low Confidence Mapping,3522325,3479088,0.33
INV-H3-000453,1,Low Confidence Mapping,4933600,4896846,0.33
INV-H3-000454,1,Low Confidence Mapping,1598850,1592850,0.54
INV-H3-000455,1,Low Confidence Mapping,4393250,4208045,0.38
INV-H3-000456,1,Low Confidence Mapping,3883075,3707091,0.45
INV-H3-000457,1,Low Confidence Mapping,4311175,4279312,0.5
INV-H3-000458,1,Low Confidence Mapping,2375550,2222984,0.51
INV-H3-000459,1,Low Confidence Mapping,1188700,1317500,0.47
INV-H3-000460,1,Low Confidence Mapping,5027975,3160198,0.39
INV-H3-000461,1,Low Confidence Mapping,5900375,5519752,0.48
INV-H3-000462,1,Low Confidence Mapping,1655475,1439683,0.37
INV-H3-000463,1,Low Confidence Mapping,3404550,3219053,0.52
INV-H3-000464,1,Low Confidence Mapping,3298500,3751201,0.42
INV-H3-000465,1,Low Confidence Mapping,4482925,4251715,0.42
INV-H3-000466,1,Low Confidence Mapping,2887325,2459354,0.43
INV-H3-000467,1,Low Confidence Mapping,1781050,1703992,0.55
INV-H3-000468,1,Low Confidence Mapping,5848675,5886647,0.39
INV-H3-000469,1,Low Confidence Mapping,1588150,1587110,0.48
INV-H3-000470,1,Low Confidence Mapping,1342175,1300815,0.48
INV-H3-000471,1,Low Confidence Mapping,3587575,4089865,0.43
INV-H3-000472,1,Low Confidence Mapping,5679675,5596705,0.44
INV-H3-000473,1,Low Confidence Mapping,4109300,3656652,0.37
INV-H3-000474,1,Low Confidence Mapping,2090150,2078701,0.49
INV-H3-000475,1,Low Confidence Mapping,2948925,2980293,0.46
INV-H3-000476,1,Low Confidence Mapping,3243325,3087010,0.39
INV-H3-000477,1,Low Confidence Mapping,2246725,2486155,0.38
INV-H3-000478,1,Low Confidence Mapping,1813150,1588911,0.46
INV-H3-000479,1,Low Confidence Mapping,3003175,2825081,0.38
INV-H3-000480,1,Low Confidence Mapping,1533500,1405764,0.44
INV-H3-000481,1,Low Confidence Mapping,3368725,3132194,0.43
INV-H3-000482,1,Low Confidence Mapping,5583650,5256564,0.43
INV-H3-000483,1,Low Confidence Mapping,3765125,3628363,0.44
INV-H3-000484,1,Low Confidence Mapping,2998125,2857716,0.5
INV-H3-000485,1,Low Confidence Mapping,2756500,3810575,0.42
INV-H3-000486,1,Low Confidence Mapping,4073250,3549214,0.36
INV-H3-000487,1,Low Confidence Mapping,1635750,1542510,0.46
INV-H3-000488,1,Low Confidence Mapping,2010150,1587190,0.36
INV-H3-000489,1,Low Confidence Mapping,3795475,4410294,0.41
INV-H3-000490,1,Low Confidence Mapping,4770775,4635311,0.41
INV-H3-000491,1,Low Confidence Mapping,3601975,3031146,0.43
INV-H3-000492,1,Low Confidence Mapping,4117200,3939718,0.38
INV-H3-000493,1,Low Confidence Mapping,2203350,2162917,0.52
INV-H3-000494,1,Low Confidence Mapping,4860900,4625479,0.47
INV-H3-000495,1,Low Confidence Mapping,4492900,4155233,0.44
INV-H3-000496,1,Low Confidence Mapping,1439100,1460292,0.43
INV-H3-000497,1,Low Confidence Mapping,4033900,3787432,0.44
INV-H3-000498,0,,746800,746800,0.47
INV-H3-000499,1,Low Confidence Mapping,2668275,2510715,0.53
INV-H3-000500,1,Low Confidence Mapping,1690975,1543999,0.48
INV-H3-000501,1,Low Confidence Mapping,4865350,4838595,0.34
INV-H3-000502,1,Low Confidence Mapping,2987675,2890857,0.44
INV-H3-000503,1,Low Confidence Mapping,2080750,1983675,0.54
INV-H3-000504,1,Low Confidence Mapping,1609025,1571425,0.51
INV-H3-000505,1,Low Confidence Mapping,2267925,2146935,0.46
INV-H3-000506,1,Low Confidence Mapping,5068375,4826401,0.39
INV-H3-000507,1,Low Confidence Mapping,2351975,2111931,0.43
INV-H3-000508,1,Low Confidence Mapping,5718225,5882488,0.43
INV-H3-000509,1,Low Confidence Mapping,1820100,1606500,0.45
INV-H3-000510,1,Low Confidence Mapping,3362650,3190771,0.34
INV-H3-000511,1,Low Confidence Mapping,3446350,3275914,0.38
INV-H3-000512,1,Low Confidence Mapping,3371200,3022326,0.44
INV-H3-000513,1,Underbilled,1072675,1009369,0.6
INV-H3-000514,1,Low Confidence Mapping,488075,1052504,0.38
INV-H3-000515,1,Low Confidence Mapping,3810700,3852464,0.43
INV-H3-000516,1,Low Confidence Mapping,2707300,2630209,0.43
INV-H3-000517,1,Low Confidence Mapping,4338825,3916004,0.44
INV-H3-000518,1,Low Confidence Mapping,840625,962297,0.46
INV-H3-000519,1,Low Confidence Mapping,9241225,5156320,0.44
INV-H3-000520,1,Low Confidence Mapping,874100,934154,0.53
INV-H3-000521,1,Low Confidence Mapping,4944700,4582974,0.43
INV-H3-000522,1,Low Confidence Mapping,1951250,1646077,0.48
INV-H3-000523,1,Low Confidence Mapping,5690550,5465371,0.44
INV-H3-000524,1,Low Confidence Mapping,3022350,3069495,0.51
INV-H3-000525,1,Low Confidence Mapping,3155850,2813784,0.47
INV-H3-000526,1,Low Confidence Mapping,2396325,2351240,0.52
INV-H3-000527,1,Low Confidence Mapping,4382100,4451577,0.45
INV-H3-000528,1,Low Confidence Mapping,5581050,5335500,0.44
INV-H3-000529,1,Low Confidence Mapping,4946050,5138061,0.38
INV-H3-000530,1,Low Confidence Mapping,4647300,4685283,0.45
INV-H3-000531,1,Low Confidence Mapping,1436500,1349824,0.46
INV-H3-000532,1,Low Confidence Mapping,2165200,2162095,0.39
INV-H3-000533,1,Low Confidence Mapping,3217425,3120689,0.44
INV-H3-000534,1,Low Confidence Mapping,2540350,2294208,0.46
INV-H3-000535,1,Low Confidence Mapping,1765475,1661983,0.48
INV-H3-000536,1,Low Confidence Mapping,5698925,5678787,0.43
INV-H3-000537,1,Low Confidence Mapping,6271875,5535363,0.36
INV-H3-000538,1,Low Confidence Mapping,3755425,3761135,0.41
INV-H3-000539,1,Low Confidence Mapping,1940875,1898399,0.59
INV-H3-000540,1,Low Confidence Mapping,5643475,5031053,0.42
INV-H3-000541,1,Low Confidence Mapping,4354775,5042950,0.44
INV-H3-000542,1,Low Confidence Mapping,1913850,1483885,0.51
INV-H3-000543,1,Low Confidence Mapping,4136025,4273409,0.43
INV-H3-000544,1,Low Confidence Mapping,1586825,1496585,0.47
INV-H3-000545,1,Low Confidence Mapping,2116575,1992091,0.47
INV-H3-000546,1,Low Confidence Mapping,4892950,4199469,0.43
INV-H3-000547,1,Low Confidence Mapping,2067825,1793479,0.44
INV-H3-000548,1,Low Confidence Mapping,3940900,3780600,0.43
INV-H3-000549,1,Low Confidence Mapping,617450,632222,0.51
INV-H3-000550,1,Low Confidence Mapping,2161075,2112615,0.46
INV-H3-000551,1,Low Confidence Mapping,2007725,2365136,0.43
INV-H3-000552,1,Low Confidence Mapping,4195400,2129160,0.43
INV-H3-000553,1,Low Confidence Mapping,2849400,2829251,0.53
INV-H3-000554,1,Low Confidence Mapping,1000150,896743,0.47
INV-H3-000555,1,Low Confidence Mapping,4962800,4569560,0.45
INV-H3-000556,1,Low Confidence Mapping,3237550,3215828,0.46
INV-H3-000557,1,Low Confidence Mapping,1021100,946635,0.52
INV-H3-000558,1,Low Confidence Mapping,2360575,2223251,0.44
INV-H3-000559,1,Low Confidence Mapping,1469100,1222949,0.51
INV-H3-000560,1,Low Confidence Mapping,2089300,1914351,0.52
INV-H3-000561,1,Low Confidence Mapping,6356300,5976733,0.44
INV-H3-000562,1,Low Confidence Mapping,1516975,1326928,0.53
INV-H3-000563,1,Low Confidence Mapping,1956125,1630315,0.48
INV-H3-000564,1,Overbilled,2064200,2089596,0.6
INV-H3-000565,1,Low Confidence Mapping,796350,1543378,0.46
INV-H3-000566,1,Low Confidence Mapping,2135300,2355847,0.39
INV-H3-000567,1,Low Confidence Mapping,4779000,4725194,0.45
INV-H3-000568,1,Low Confidence Mapping,3569650,3255149,0.41
INV-H3-000569,1,Low Confidence Mapping,3147475,3211128,0.41
INV-H3-000570,1,Low Confidence Mapping,3011900,3537739,0.38
INV-H3-000571,1,Low Confidence Mapping,987175,1000673,0.46
INV-H3-000572,1,Low Confidence Mapping,3943800,4585023,0.42
INV-H3-000573,1,Low Confidence Mapping,1693825,1617505,0.52
INV-H3-000574,1,Low Confidence Mapping,4694375,3886102,0.43
INV-H3-000575,1,Low Confidence Mapping,2452200,2133408,0.39
INV-H3-000576,1,Low Confidence Mapping,4226325,4165113,0.42
INV-H3-000577,1,Low Confidence Mapping,2199550,2116580,0.45
INV-H3-000578,1,Low Confidence Mapping,2769675,2599242,0.43
INV-H3-000579,1,Low Confidence Mapping,1711550,1735230,0.55
INV-H3-000580,1,Low Confidence Mapping,3866000,3746399,0.47
INV-H3-000581,1,Low Confidence Mapping,1675200,1626740,0.38
INV-H3-000582,1,Low Confidence Mapping,2940800,2791270,0.34
INV-H3-000583,1,Low Confidence Mapping,2259500,2040792,0.52
INV-H3-000584,1,Low Confidence Mapping,2662775,2568524,0.44
INV-H3-000585,1,Low Confidence Mapping,6957125,4437313,0.37
INV-H3-000586,1,Low Confidence Mapping,1769250,1714262,0.46
INV-H3-000587,1,Low Confidence Mapping,2661650,2548460,0.42
INV-H3-000588,1,Low Confidence Mapping,5453100,4209747,0.4
INV-H3-000589,0,,1413600,1413600,0.45
INV-H3-000590,1,Low Confidence Mapping,1135275,1062716,0.59
INV-H3-000591,1,Low Confidence Mapping,2348275,2326614,0.5
INV-H3-000592,1,Low Confidence Mapping,2363950,2351950,0.47
INV-H3-000593,1,Low Confidence Mapping,3302200,2946528,0.5
INV-H3-000594,1,Low Confidence Mapping,2556950,2622423,0.38
INV-H3-000595,1,Low Confidence Mapping,2773525,3212435,0.37
INV-H3-000596,1,Low Confidence Mapping,1232775,1353425,0.43
INV-H3-000597,1,Low Confidence Mapping,2935400,2763642,0.44
INV-H3-000598,1,Low Confidence Mapping,4518275,4266606,0.39
INV-H3-000599,1,Low Confidence Mapping,4040975,3952368,0.46
INV-H3-000600,1,Low Confidence Mapping,1134800,1181936,0.56
INV-H3-000601,1,Low Confidence Mapping,1906500,1758720,0.33
INV-H3-000602,1,Low Confidence Mapping,3115025,2903585,0.43
INV-H3-000603,1,Low Confidence Mapping,3945550,4087951,0.4
INV-H3-000604,1,Low Confidence Mapping,1510975,1460397,0.39
INV-H3-000605,1,Low Confidence Mapping,5257900,5188179,0.43
INV-H3-000606,1,Low Confidence Mapping,1904100,1715630,0.38
INV-H3-000607,1,Low Confidence Mapping,1784800,1683196,0.44
INV-H3-000608,1,Low Confidence Mapping,5139475,4687781,0.43
INV-H3-000609,1,Low Confidence Mapping,4116125,3958061,0.43
INV-H3-000610,1,Low Confidence Mapping,1173175,1280605,0.44
INV-H3-000611,1,Low Confidence Mapping,2726575,2620672,0.39
INV-H3-000612,1,Low Confidence Mapping,2667925,2605415,0.43
INV-H3-000613,1,Low Confidence Mapping,4385550,3899556,0.45
INV-H3-000614,1,Low Confidence Mapping,3862725,3531410,0.45
INV-H3-000615,1,Low Confidence Mapping,4265500,3651949,0.36
INV-H3-000616,1,Low Confidence Mapping,3377625,2455618,0.43
INV-H3-000617,1,Low Confidence Mapping,2318300,1986075,0.38
INV-H3-000618,1,Low Confidence Mapping,2574925,2526045,0.45
INV-H3-000619,1,Low Confidence Mapping,6385700,3116724,0.36
INV-H3-000620,1,Low Confidence Mapping,2088625,1673940,0.38
INV-H3-000621,1,Low Confidence Mapping,2884175,2670404,0.36
INV-H3-000622,1,Low Confidence Mapping,652050,668775,0.38
INV-H3-000623,1,Low Confidence Mapping,1746800,1904016,0.38
INV-H3-000624,1,Low Confidence Mapping,3135425,3025727,0.37
INV-H3-000625,1,Low Confidence Mapping,3260300,3580886,0.44
INV-H3-000626,1,Low Confidence Mapping,739025,722107,0.49
INV-H3-000627,1,Low Confidence Mapping,4384600,4290205,0.45
INV-H3-000628,1,Low Confidence Mapping,4742700,4567552,0.48
INV-H3-000629,1,Low Confidence Mapping,2394025,2215821,0.43
INV-H3-000630,1,Low Confidence Mapping,2559300,2472360,0.49
INV-H3-000631,1,Low Confidence Mapping,2358000,2339462,0.49
INV-H3-000632,1,Low Confidence Mapping,2693325,2624830,0.37
INV-H3-000633,1,Low Confidence Mapping,1744050,1510337,0.53
INV-H3-000634,1,Low Confidence Mapping,2279700,2123742,0.43
INV-H3-000635,1,Low Confidence Mapping,1003125,936631,0.41
INV-H3-000636,1,Underbilled,2179100,1955525,0.61
INV-H3-000637,1,Low Confidence Mapping,5440525,3055685,0.38
INV-H3-000638,1,Low Confidence Mapping,2807175,2890956,0.47
INV-H3-000639,1,Low Confidence Mapping,2641100,2652090,0.49
INV-H3-000640,1,Low Confidence Mapping,1438875,1302601,0.5
INV-H3-000641,1,Underbilled,1811700,1674515,0.61
INV-H3-000642,1,Low Confidence Mapping,1182925,995375,0.41
INV-H3-000643,1,Low Confidence Mapping,6506825,3534723,0.43
INV-H3-000644,1,Low Confidence Mapping,3262525,3316764,0.43
INV-H3-000645,1,Low Confidence Mapping,4240675,4570371,0.42
INV-H3-000646,1,Low Confidence Mapping,2329775,1914630,0.38
INV-H3-000647,1,Low Confidence Mapping,3732850,3947500,0.41
INV-H3-000648,1,Low Confidence Mapping,4842500,5192171,0.39
INV-H3-000649,1,Low Confidence Mapping,3684600,3415809,0.47
INV-H3-000650,1,Low Confidence Mapping,2661375,2499927,0.5
INV-H3-000651,1,Low Confidence Mapping,1713025,1936547,0.51
INV-H3-000652,1,Low Confidence Mapping,1158250,1065969,0.53
INV-H3-000352,1,Low Confidence Mapping,3622250,1962471,0.47
INV-H3-000654,1,Low Confidence Mapping,5382375,5481069,0.42
INV-H3-000655,1,Low Confidence Mapping,3791975,3114597,0.41
INV-H3-000656,1,Low Confidence Mapping,1500425,1487115,0.43
INV-H3-000657,1,Low Confidence Mapping,716225,672625,0.49
INV-H3-000658,1,Low Confidence Mapping,1842050,1482129,0.54
INV-H3-000659,1,Low Confidence Mapping,3889550,3694703,0.43
INV-H3-000660,1,Low Confidence Mapping,4789825,4491167,0.39
INV-H3-000661,1,Low Confidence Mapping,1017725,880809,0.58
INV-H3-000662,1,Low Confidence Mapping,3800400,3525056,0.39
INV-H3-000663,1,Low Confidence Mapping,4516150,4226294,0.39
INV-H3-000664,1,Low Confidence Mapping,633425,566596,0.53
INV-H3-000665,1,Low Confidence Mapping,3784325,3494543,0.41
INV-H3-000666,1,Low Confidence Mapping,1467275,1446606,0.49
INV-H3-000667,1,Low Confidence Mapping,3586750,3092945,0.43
INV-H3-000668,1,Low Confidence Mapping,3522850,3587878,0.46
INV-H3-000669,1,Low Confidence Mapping,537075,514363,0.44
INV-H3-000670,1,Low Confidence Mapping,5636400,5265208,0.41
INV-H3-000671,1,Low Confidence Mapping,3819850,2958561,0.4
INV-H3-000672,1,Low Confidence Mapping,1097725,995793,0.57
INV-H3-000673,1,Low Confidence Mapping,4292275,4225099,0.44
INV-H3-000674,1,Low Confidence Mapping,3425525,3398905,0.37
INV-H3-000675,1,Low Confidence Mapping,3604675,3301921,0.46
INV-H3-000676,1,Low Confidence Mapping,4179225,3978332,0.43
INV-H3-000677,1,Low Confidence Mapping,2120675,1947461,0.38
INV-H3-000678,1,Low Confidence Mapping,3622250,3242274,0.38
INV-H3-000679,1,Low Confidence Mapping,3377925,3365938,0.43
INV-H3-000680,1,Low Confidence Mapping,2264450,2573845,0.46
INV-H3-000681,1,Low Confidence Mapping,2194075,2132554,0.43
INV-H3-000682,1,Low Confidence Mapping,2692825,1879175,0.48
INV-H3-000683,1,Low Confidence Mapping,4190275,4193370,0.44
INV-H3-000684,1,Low Confidence Mapping,4513975,3962076,0.43
INV-H3-000685,1,Low Confidence Mapping,3220350,2811475,0.4
INV-H3-000686,1,Low Confidence Mapping,1578275,1507477,0.48
INV-H3-000687,1,Low Confidence Mapping,7659350,4845729,0.39
INV-H3-000688,1,Low Confidence Mapping,1669475,1626005,0.44
INV-H3-000689,1,Low Confidence Mapping,4798350,4240534,0.36
INV-H3-000690,1,Low Confidence Mapping,4172675,4065707,0.44
INV-H3-000691,1,Low Confidence Mapping,4999475,4897794,0.44
INV-H3-000692,1,Low Confidence Mapping,2563525,2539843,0.47
INV-H3-000693,1,Low Confidence Mapping,2523025,2568521,0.38
INV-H3-000694,1,Low Confidence Mapping,3892275,3730941,0.44
INV-H3-000695,1,Low Confidence Mapping,3825125,4156121,0.44
INV-H3-000696,1,Low Confidence Mapping,3253025,3157541,0.49
INV-H3-000697,1,Low Confidence Mapping,4308900,4006602,0.49
INV-H3-000698,1,Low Confidence Mapping,3259000,3137774,0.43
INV-H3-000699,1,Low Confidence Mapping,1336200,1467283,0.44
INV-H3-000700,1,Low Confidence Mapping,4101225,4189369,0.45
INV-H3-000701,1,Low Confidence Mapping,1116150,1027208,0.44
INV-H3-000702,1,Low Confidence Mapping,3480500,3242872,0.42
INV-H3-000703,1,Low Confidence Mapping,3490475,3295775,0.49
INV-H3-000324,1,Low Confidence Mapping,4307000,1266846,0.41
INV-H3-000705,1,Low Confidence Mapping,993175,831530,0.57
INV-H3-000706,1,Low Confidence Mapping,5218950,5393761,0.43
INV-H3-000707,1,Low Confidence Mapping,1497925,1488925,0.5
INV-H3-000708,1,Low Confidence Mapping,2531500,2003036,0.44
INV-H3-000709,1,Low Confidence Mapping,4340650,4056260,0.55
INV-H3-000710,1,Low Confidence Mapping,2540125,2337448,0.5
INV-H3-000711,1,Low Confidence Mapping,2738350,2972890,0.41
INV-H3-000712,1,Low Confidence Mapping,5106250,5427346,0.38
INV-H3-000713,0,,516575,516575,0.57
INV-H3-000714,1,Low Confidence Mapping,2501900,2417803,0.42
INV-H3-000715,1,Low Confidence Mapping,2361100,2589505,0.53
INV-H3-000716,1,Low Confidence Mapping,1361325,1461455,0.42
INV-H3-000717,1,Low Confidence Mapping,4471725,4154396,0.55
INV-H3-000718,1,Low Confidence Mapping,3914900,3895001,0.52
INV-H3-000719,1,Low Confidence Mapping,1331025,1412244,0.46
INV-H3-000720,1,Low Confidence Mapping,2449250,2304088,0.43
INV-H3-000721,1,Low Confidence Mapping,5337900,4519168,0.49
INV-H3-000722,1,Low Confidence Mapping,2779575,2691831,0.37
INV-H3-000723,1,Low Confidence Mapping,3869300,3834659,0.44
INV-H3-000724,1,Low Confidence Mapping,2423950,2629947,0.42
INV-H3-000725,1,Low Confidence Mapping,2167000,2153261,0.51
INV-H3-000726,1,Low Confidence Mapping,2750600,2659547,0.37
INV-H3-000727,1,Low Confidence Mapping,2818100,2743756,0.43
INV-H3-000728,1,Low Confidence Mapping,4125275,3578751,0.44
INV-H3-000729,1,Low Confidence Mapping,4643475,3475503,0.42
INV-H3-000730,1,Low Confidence Mapping,3953875,4427478,0.44
INV-H3-000731,1,Low Confidence Mapping,1735150,1111588,0.43
INV-H3-000732,1,Low Confidence Mapping,2819475,2789905,0.43
INV-H3-000733,1,Low Confidence Mapping,3193075,3593776,0.38
INV-H3-000734,1,Low Confidence Mapping,559275,537271,0.43
INV-H3-000735,1,Low Confidence Mapping,3408325,3087663,0.49
INV-H3-000736,1,Low Confidence Mapping,3011650,3137830,0.41
INV-H3-000737,1,Low Confidence Mapping,3044725,3064153,0.43
INV-H3-000738,1,Low Confidence Mapping,3186450,2919602,0.46
INV-H3-000739,1,Low Confidence Mapping,4405200,4242242,0.41
INV-H3-000740,1,Low Confidence Mapping,662825,602853,0.44
INV-H3-000741,1,Low Confidence Mapping,3073675,2915819,0.37
INV-H3-000742,1,Low Confidence Mapping,3790150,3466104,0.45
INV-H3-000743,1,Low Confidence Mapping,4097050,3790418,0.49
INV-H3-000744,1,Low Confidence Mapping,4434125,4264192,0.47
INV-H3-000745,1,Low Confidence Mapping,1567400,706010,0.5
INV-H3-000746,1,Low Confidence Mapping,1148925,381317,0.55
INV-H3-000747,1,Low Confidence Mapping,1702400,1574386,0.43
INV-H3-000748,1,Low Confidence Mapping,1808125,1554665,0.45
INV-H3-000749,1,Low Confidence Mapping,2682950,3780850,0.46
INV-H3-000750,1,Low Confidence Mapping,4879625,4599898,0.51
INV-H3-000751,1,Low Confidence Mapping,5802475,5760591,0.43
INV-H3-000752,1,Low Confidence Mapping,2965125,2701313,0.42
INV-H3-000753,1,Low Confidence Mapping,3879800,3093941,0.44
INV-H3-000754,1,Low Confidence Mapping,1962700,1819057,0.59
INV-H3-000755,1,Low Confidence Mapping,3325250,3156586,0.42
INV-H3-000756,1,Underbilled,2692850,2393158,0.61
INV-H3-000757,1,Low Confidence Mapping,1698600,1771249,0.48
INV-H3-000758,1,Low Confidence Mapping,5662700,5260560,0.48
INV-H3-000759,1,Low Confidence Mapping,2462975,2342309,0.36
INV-H3-000760,1,Low Confidence Mapping,712050,724790,0.57
INV-H3-000761,1,Low Confidence Mapping,3976750,4257105,0.43
INV-H3-000762,1,Low Confidence Mapping,5045400,3759713,0.45
INV-H3-000763,1,Low Confidence Mapping,952575,930293,0.5
INV-H3-000764,1,Low Confidence Mapping,3303375,3031701,0.51
INV-H3-000765,1,Low Confidence Mapping,1982225,1784079,0.5
INV-H3-000766,1,Low Confidence Mapping,2519050,2357378,0.39
INV-H3-000767,1,Low Confidence Mapping,1681125,1823255,0.53
INV-H3-000768,1,Low Confidence Mapping,3243050,2840599,0.46
INV-H3-000769,1,Low Confidence Mapping,1023550,881425,0.46
INV-H3-000770,1,Low Confidence Mapping,605725,618253,0.43
INV-H3-000771,1,Low Confidence Mapping,3404900,3494704,0.45
INV-H3-000772,1,Low Confidence Mapping,3284525,3024830,0.54
INV-H3-000773,1,Low Confidence Mapping,4716175,4715934,0.38
INV-H3-000774,1,Low Confidence Mapping,1188700,1183376,0.44
INV-H3-000775,1,Low Confidence Mapping,4000550,3676865,0.44
INV-H3-000776,1,Low Confidence Mapping,3055725,2524245,0.4
INV-H3-000777,1,Low Confidence Mapping,5793100,6149897,0.41
INV-H3-000778,1,Low Confidence Mapping,2520325,2455565,0.5
INV-H3-000779,1,Low Confidence Mapping,2085125,1751701,0.36
INV-H3-000780,1,Low Confidence Mapping,2518400,2384030,0.54
INV-H3-000781,1,Low Confidence Mapping,2005425,2969025,0.51
INV-H3-000782,1,Low Confidence Mapping,4988625,4628823,0.47
INV-H3-000783,1,Low Confidence Mapping,1974900,2018521,0.39
INV-H3-000784,1,Low Confidence Mapping,3822225,3651635,0.47
INV-H3-000785,1,Low Confidence Mapping,2472925,2366751,0.43
INV-H3-000786,1,Low Confidence Mapping,2655750,2554654,0.43
INV-H3-000787,1,Low Confidence Mapping,4709175,4234549,0.36
INV-H3-000788,1,Low Confidence Mapping,3265550,3407112,0.37
INV-H3-000789,1,Low Confidence Mapping,1516450,1888897,0.38
INV-H3-000790,1,Low Confidence Mapping,2236825,2284197,0.41
INV-H3-000791,1,Low Confidence Mapping,4107175,3873519,0.41
INV-H3-000792,1,Low Confidence Mapping,854725,873775,0.42
INV-H3-000793,1,Low Confidence Mapping,2502625,2536612,0.49
INV-H3-000794,1,Low Confidence Mapping,1635975,1424664,0.46
INV-H3-000795,1,Low Confidence Mapping,2381900,2317885,0.37
INV-H3-000796,1,Low Confidence Mapping,2686550,2636844,0.49
INV-H3-000797,1,Overbilled,932400,967300,0.62
INV-H3-000798,1,Low Confidence Mapping,2597975,2932721,0.33
INV-H3-000799,1,Low Confidence Mapping,6855025,6406346,0.43
INV-H3-000800,1,Low Confidence Mapping,3750650,5046666,0.42
INV-H3-000801,1,Low Confidence Mapping,3508175,3379755,0.44
INV-H3-000802,1,Low Confidence Mapping,872025,760223,0.38
INV-H3-000803,1,Low Confidence Mapping,4204500,3222887,0.47
INV-H3-000804,1,Low Confidence Mapping,2593300,2767967,0.42
INV-H3-000805,1,Low Confidence Mapping,3624600,3710659,0.43
INV-H3-000806,1,Low Confidence Mapping,3616500,3278600,0.44
INV-H3-000807,1,Low Confidence Mapping,1799800,1858924,0.41
INV-H3-000808,1,Low Confidence Mapping,1595375,1261397,0.54
INV-H3-000809,1,Low Confidence Mapping,3368175,3215321,0.42
INV-H3-000810,1,Underbilled,662375,630689,0.67
INV-H3-000811,1,Low Confidence Mapping,1848550,1836130,0.52
INV-H3-000812,1,Low Confidence Mapping,1391450,1244190,0.41
INV-H3-000813,1,Low Confidence Mapping,4046875,3923990,0.41
INV-H3-000814,1,Low Confidence Mapping,3554775,3200185,0.43
INV-H3-000815,1,Low Confidence Mapping,3588650,3254914,0.39
INV-H3-000816,1,Low Confidence Mapping,3034025,2623469,0.44
INV-H3-000817,1,Low Confidence Mapping,3771525,3315287,0.37
INV-H3-000818,1,Low Confidence Mapping,5675350,5275580,0.34
INV-H3-000819,1,Low Confidence Mapping,2500900,2291285,0.48
INV-H3-000820,1,Low Confidence Mapping,1666200,1426437,0.46
INV-H3-000821,1,Low Confidence Mapping,3021275,2767982,0.44
INV-H3-000822,1,Low Confidence Mapping,1879900,1850345,0.38
INV-H3-000823,1,Low Confidence Mapping,1218700,1198551,0.59
INV-H3-000824,1,Low Confidence Mapping,4257575,4118783,0.48
INV-H3-000825,1,Low Confidence Mapping,1653650,1304445,0.44
INV-H3-000826,1,Low Confidence Mapping,3426675,3377308,0.53
INV-H3-000827,1,Low Confidence Mapping,3366100,3548057,0.41
INV-H3-000828,1,Low Confidence Mapping,957150,970340,0.39
INV-H3-000829,1,Low Confidence Mapping,1638100,1971132,0.45
INV-H3-000830,1,Low Confidence Mapping,5425425,5252450,0.44
INV-H3-000831,1,Low Confidence Mapping,2149000,1894994,0.47
INV-H3-000832,1,Low Confidence Mapping,2095825,2325283,0.37
INV-H3-000833,1,Low Confidence Mapping,6591950,5333990,0.38
INV-H3-000834,1,Low Confidence Mapping,3419950,3370659,0.4
INV-H3-000835,1,Low Confidence Mapping,3361725,3258589,0.43
INV-H3-000836,1,Low Confidence Mapping,1922150,1929960,0.33
INV-H3-000837,1,Low Confidence Mapping,1444300,932171,0.48
INV-H3-000838,1,Low Confidence Mapping,1141425,1182311,0.45
INV-H3-000839,1,Low Confidence Mapping,4457550,3975071,0.38
INV-H3-000840,1,Low Confidence Mapping,1954075,2198182,0.43
INV-H3-000841,1,Low Confidence Mapping,2276750,2222152,0.43
INV-H3-000842,1,Low Confidence Mapping,2780950,2783025,0.36
INV-H3-000843,1,Low Confidence Mapping,1292775,1235319,0.44
INV-H3-000844,1,Low Confidence Mapping,3314325,3364487,0.39
INV-H3-000845,1,Low Confidence Mapping,2762200,2708497,0.45
INV-H3-000846,1,Low Confidence Mapping,4972700,4669641,0.41
INV-H3-000847,1,Low Confidence Mapping,2052725,2082753,0.51
INV-H3-000848,1,Low Confidence Mapping,5000600,4710941,0.5
INV-H3-000849,1,Low Confidence Mapping,2855000,2600044,0.44
INV-H3-000850,1,Low Confidence Mapping,5149800,5026295,0.44
INV-H3-000851,1,Low Confidence Mapping,3726675,3261972,0.42
INV-H3-000852,1,Low Confidence Mapping,3106350,2188525,0.44
INV-H3-000853,1,Low Confidence Mapping,773025,750465,0.45
INV-H3-000854,1,Low Confidence Mapping,1401350,1300618,0.43
INV-H3-000855,1,Low Confidence Mapping,2259200,598343,0.41
INV-H3-000856,1,Low Confidence Mapping,4644675,4388325,0.44
INV-H3-000857,1,Low Confidence Mapping,4372050,4031755,0.45
INV-H3-000858,1,Low Confidence Mapping,4196100,4117434,0.45
INV-H3-000859,1,Low Confidence Mapping,998950,929398,0.49
INV-H3-000860,1,Low Confidence Mapping,1593725,1550156,0.53
INV-H3-000861,1,Low Confidence Mapping,3166100,2950086,0.47
INV-H3-000862,1,Low Confidence Mapping,4449375,4316227,0.43
INV-H3-000863,1,Low Confidence Mapping,572375,657175,0.38
INV-H3-000864,1,Low Confidence Mapping,5067300,4957347,0.39
INV-H3-000865,1,Low Confidence Mapping,2118625,2180620,0.57
INV-H3-000866,1,Low Confidence Mapping,3030100,2501760,0.44
INV-H3-000867,1,Low Confidence Mapping,3997925,3723227,0.41
INV-H3-000868,1,Low Confidence Mapping,3210800,3319399,0.42
INV-H3-000869,1,Low Confidence Mapping,4548000,1768443,0.41
INV-H3-000870,1,Low Confidence Mapping,3432400,2075936,0.43
INV-H3-000871,1,Low Confidence Mapping,2889925,3470455,0.52
INV-H3-000872,1,Low Confidence Mapping,5145100,5207506,0.43
INV-H3-000873,1,Low Confidence Mapping,4179100,4007328,0.42
INV-H3-000874,1,Low Confidence Mapping,3295750,3229314,0.43
INV-H3-000875,1,Low Confidence Mapping,3871200,3748325,0.41
INV-H3-000876,1,Low Confidence Mapping,3686250,3476986,0.39
INV-H3-000877,1,Low Confidence Mapping,3174925,3062855,0.45
INV-H3-000878,1,Low Confidence Mapping,4198450,3762504,0.43
INV-H3-000879,1,Low Confidence Mapping,4071425,3718750,0.41
INV-H3-000880,1,Low Confidence Mapping,2941425,2894238,0.51
INV-H3-000881,1,Low Confidence Mapping,1794475,1632800,0.45
INV-H3-000882,1,Low Confidence Mapping,1811800,1770462,0.48
INV-H3-000883,1,Low Confidence Mapping,1908925,1765247,0.46
INV-H3-000884,1,Low Confidence Mapping,3595300,3148530,0.41
INV-H3-000885,1,Low Confidence Mapping,1945100,2107517,0.43
INV-H3-000886,1,Low Confidence Mapping,5870500,4669482,0.38
INV-H3-000887,1,Low Confidence Mapping,3591600,3561548,0.42
INV-H3-000888,1,Low Confidence Mapping,788125,813251,0.44
INV-H3-000889,1,Low Confidence Mapping,1274250,1053370,0.44
INV-H3-000890,1,Low Confidence Mapping,637400,585236,0.52
INV-H3-000891,1,Low Confidence Mapping,3037000,3024155,0.45
INV-H3-000892,1,Low Confidence Mapping,1025400,1009674,0.44
INV-H3-000893,1,Underbilled,3447425,3387265,0.63
INV-H3-000894,1,Low Confidence Mapping,2680250,2610416,0.47
INV-H3-000895,1,Low Confidence Mapping,1451675,1329656,0.44
INV-H3-000896,1,Low Confidence Mapping,2238100,2155380,0.59
INV-H3-000897,1,Low Confidence Mapping,2843700,2833994,0.43
INV-H3-000898,1,Low Confidence Mapping,4341775,3808756,0.45
INV-H3-000899,1,Low Confidence Mapping,1563625,1543629,0.52
INV-H3-000900,1,Low Confidence Mapping,2354850,2769562,0.44
INV-H3-000901,1,Low Confidence Mapping,2021450,2043225,0.39
INV-H3-000902,1,Low Confidence Mapping,1579600,1562901,0.58
INV-H3-000903,1,Low Confidence Mapping,2116575,2067395,0.39
INV-H3-000904,1,Low Confidence Mapping,2548100,2428975,0.41
INV-H3-000905,1,Low Confidence Mapping,3781375,3125341,0.43
INV-H3-000906,1,Low Confidence Mapping,4266725,4013496,0.42
INV-H3-000907,1,Low Confidence Mapping,1070750,951492,0.47
INV-H3-000908,1,Low Confidence Mapping,4612700,3555714,0.4
INV-H3-000909,1,Low Confidence Mapping,1109300,922816,0.46
INV-H3-000910,1,Low Confidence Mapping,3802450,2491406,0.43
INV-H3-000911,1,Low Confidence Mapping,3825925,3501125,0.42
INV-H3-000912,1,Low Confidence Mapping,2418350,2291674,0.39
INV-H3-000913,1,Low Confidence Mapping,2735225,2594630,0.38
INV-H3-000914,1,Low Confidence Mapping,2089875,2567199,0.49
INV-H3-000915,1,Low Confidence Mapping,2390275,2276481,0.46
INV-H3-000916,1,Low Confidence Mapping,2764750,2426045,0.42
INV-H3-000917,1,Low Confidence Mapping,3175125,3381300,0.45
INV-H3-000918,1,Low Confidence Mapping,4219775,4167031,0.4
INV-H3-000919,1,Low Confidence Mapping,3219800,3767997,0.43
INV-H3-000920,1,Low Confidence Mapping,3352375,3225018,0.38
INV-H3-000921,1,Low Confidence Mapping,3005850,2818319,0.45
INV-H3-000922,1,Low Confidence Mapping,4620200,4305802,0.38
INV-H3-000923,1,Low Confidence Mapping,2048000,2013042,0.39
INV-H3-000924,1,Low Confidence Mapping,3645150,3415747,0.38
INV-H3-000925,1,Low Confidence Mapping,4331650,4378954,0.33
INV-H3-000926,1,Low Confidence Mapping,4422050,4230770,0.45
INV-H3-000927,1,Low Confidence Mapping,6512575,5884230,0.4
INV-H3-000928,1,Low Confidence Mapping,5936275,4661382,0.5
INV-H3-000929,1,Low Confidence Mapping,1527700,1543690,0.48
INV-H3-000930,1,Low Confidence Mapping,2051100,2183668,0.46
INV-H3-000931,1,Low Confidence Mapping,1365125,876385,0.43
INV-H3-000932,1,Low Confidence Mapping,2570575,2288377,0.43
INV-H3-000933,1,Low Confidence Mapping,1714200,1504813,0.41
INV-H3-000934,1,Low Confidence Mapping,976925,887050,0.41
INV-H3-000935,1,Low Confidence Mapping,4550175,4316041,0.45
INV-H3-000936,1,Low Confidence Mapping,2919650,3110365,0.39
INV-H3-000937,1,Low Confidence Mapping,3531775,2073634,0.43
INV-H3-000938,1,Low Confidence Mapping,3752550,3317874,0.46
INV-H3-000939,1,Low Confidence Mapping,1511125,1461575,0.45
INV-H3-000001,1,Low Confidence Mapping,2575500,3642525,0.0
INV-H3-000002,1,Low Confidence Mapping,1267725,2908235,0.0
INV-H3-000003,1,Low Confidence Mapping,2271375,4009560,0.0
INV-H3-000004,1,Low Confidence Mapping,2011975,4056505,0.0
INV-H3-000005,1,Low Confidence Mapping,4380675,5863300,0.0
INV-H3-000006,1,Low Confidence Mapping,3137900,5808766,0.0
INV-H3-000007,1,Low Confidence Mapping,1890800,3985625,0.0
INV-H3-000008,1,Low Confidence Mapping,948500,1529125,0.0
INV-H3-000009,1,Low Confidence Mapping,711550,1121650,0.0
INV-H3-000010,1,Low Confidence Mapping,2945625,3488955,0.0
INV-H3-000011,1,Low Confidence Mapping,1437275,2481031,0.0
INV-H3-000012,1,Low Confidence Mapping,1260550,2163625,0.0
INV-H3-000013,1,Low Confidence Mapping,840375,1213100,0.0
INV-H3-000014,1,Low Confidence Mapping,3004350,3412575,0.0
INV-H3-000015,1,Low Confidence Mapping,548525,1980335,0.0
INV-H3-000016,1,Low Confidence Mapping,2981050,4289481,0.0
INV-H3-000017,1,Low Confidence Mapping,2170825,4700676,0.0
INV-H3-000018,1,Low Confidence Mapping,2211800,4492825,0.0
INV-H3-000019,1,Low Confidence Mapping,1392075,3964925,0.0
INV-H3-000020,1,Low Confidence Mapping,872350,2359575,0.0
INV-H3-000022,1,Low Confidence Mapping,1367475,1865125,0.0
INV-H3-000023,1,Low Confidence Mapping,2567400,4068300,0.0
INV-H3-000024,1,Low Confidence Mapping,921000,2590825,0.0
INV-H3-000025,1,Low Confidence Mapping,3444075,3343645,0.0
INV-H3-000026,1,Low Confidence Mapping,2785525,3983224,0.0
INV-H3-000027,1,Low Confidence Mapping,773925,1902412,0.0
INV-H3-000028,1,Low Confidence Mapping,216675,1207741,0.0
INV-H3-000029,1,Low Confidence Mapping,652950,801990,0.0
INV-H3-000030,1,Low Confidence Mapping,1896975,2292535,0.0
INV-H3-000031,1,Low Confidence Mapping,1198775,2697916,0.0
INV-H3-000032,1,Low Confidence Mapping,1710625,3046405,0.0
INV-H3-000033,1,Low Confidence Mapping,1454325,2979500,0.0
INV-H3-000034,1,Low Confidence Mapping,1219850,2352800,0.0
INV-H3-000035,1,Low Confidence Mapping,577175,3007590,0.0
INV-H3-000036,1,Low Confidence Mapping,1652275,3181885,0.0
INV-H3-000037,1,Low Confidence Mapping,841100,1593850,0.0
INV-H3-000038,1,Low Confidence Mapping,2302625,3550097,0.0
INV-H3-000039,1,Low Confidence Mapping,606625,1622500,0.0
INV-H3-000040,1,Low Confidence Mapping,336800,1165154,0.0
INV-H3-000041,1,Low Confidence Mapping,2150500,2802550,0.0
INV-H3-000042,1,Low Confidence Mapping,1279875,2193035,0.0
INV-H3-000043,1,Low Confidence Mapping,161150,720875,0.0
INV-H3-000044,1,Low Confidence Mapping,1741450,5049850,0.0
INV-H3-000045,1,Low Confidence Mapping,2171250,2978630,0.0
INV-H3-000046,1,Low Confidence Mapping,678650,1238675,0.0
INV-H3-000047,1,Low Confidence Mapping,1350050,2054775,0.0
INV-H3-000048,1,Low Confidence Mapping,1632625,2452592,0.0
INV-H3-000049,1,Low Confidence Mapping,617725,771475,0.0
INV-H3-000050,1,Low Confidence Mapping,1561250,3788788,0.0
INV-H3-000051,1,Low Confidence Mapping,1642700,4306608,0.0
INV-H3-000052,1,Low Confidence Mapping,2475650,4375660,0.0
INV-H3-000053,1,Low Confidence Mapping,1470750,2824325,0.0
INV-H3-000054,0,,2050950,2050950,0.63
INV-H3-000055,1,Low Confidence Mapping,30150,1356475,0.0
INV-H3-000056,1,Low Confidence Mapping,1633400,2316310,0.0
INV-H3-000057,1,Low Confidence Mapping,1232150,2522185,0.0
INV-H3-000058,1,Low Confidence Mapping,2694450,3176856,0.0
INV-H3-000059,1,Low Confidence Mapping,2147625,4533925,0.0
INV-H3-000060,1,Low Confidence Mapping,1346650,2186260,0.0
INV-H3-000061,1,Low Confidence Mapping,3814775,6342830,0.0
INV-H3-000062,1,Low Confidence Mapping,241725,2046525,0.0
INV-H3-000063,1,Low Confidence Mapping,809175,1608750,0.0
INV-H3-000064,1,Low Confidence Mapping,1255150,1413981,0.0
INV-H3-000065,1,Low Confidence Mapping,2789500,4144800,0.0
INV-H3-000066,1,Low Confidence Mapping,1226375,1563198,0.0
INV-H3-000067,1,Low Confidence Mapping,1114000,2127583,0.0
INV-H3-000068,1,Low Confidence Mapping,1914550,3582177,0.0
INV-H3-000069,1,Low Confidence Mapping,1073925,1948889,0.0
INV-H3-000070,1,Low Confidence Mapping,2544500,5801500,0.0
INV-H3-000021,1,Low Confidence Mapping,3121125,2736005,0.0
INV-H3-000072,1,Low Confidence Mapping,1337275,2149805,0.0
INV-H3-000073,1,Low Confidence Mapping,4439600,5710575,0.0
INV-H3-000074,1,Low Confidence Mapping,1772700,2059630,0.0
INV-H3-000075,1,Low Confidence Mapping,1048325,1177124,0.0
INV-H3-000076,1,Low Confidence Mapping,1116550,2139789,0.0
INV-H3-000077,1,Low Confidence Mapping,2196700,2827872,0.0
INV-H3-000078,1,Low Confidence Mapping,2725125,4439952,0.0
INV-H3-000079,1,Low Confidence Mapping,786125,2659250,0.0
INV-H3-000080,1,Low Confidence Mapping,2316850,3198350,0.0
INV-H3-000081,1,Low Confidence Mapping,2107675,2271606,0.0
INV-H3-000082,1,Low Confidence Mapping,3546825,5772667,0.0
INV-H3-000083,1,Low Confidence Mapping,2825725,3575616,0.0
INV-H3-000084,1,Low Confidence Mapping,3343850,4270818,0.0
INV-H3-000086,1,Low Confidence Mapping,468450,1361098,0.0
INV-H3-000087,1,Low Confidence Mapping,3174700,3266259,0.0
INV-H3-000088,1,Low Confidence Mapping,2015075,4111813,0.0
INV-H3-000089,1,Low Confidence Mapping,2729750,4265609,0.0
INV-H3-000090,1,Low Confidence Mapping,1776075,1808731,0.0
INV-H3-000091,1,Low Confidence Mapping,1887400,3303970,0.0
INV-H3-000092,1,Low Confidence Mapping,696900,925781,0.0
INV-H3-000093,1,Low Confidence Mapping,4454150,6133006,0.0
INV-H3-000094,1,Low Confidence Mapping,685350,2092468,0.0
INV-H3-000095,1,Low Confidence Mapping,1095625,2789037,0.0
INV-H3-000096,1,Low Confidence Mapping,3132500,4412053,0.0
INV-H3-000097,1,Low Confidence Mapping,855250,1000564,0.0
INV-H3-000098,1,Low Confidence Mapping,1611600,2735414,0.0
INV-H3-000099,1,Low Confidence Mapping,1555425,2625691,0.0
INV-H3-000100,1,Low Confidence Mapping,192200,2109675,0.0
INV-H3-000085,1,Low Confidence Mapping,3568475,1367319,0.0
INV-H3-000102,1,Low Confidence Mapping,2339775,5255671,0.0
INV-H3-000103,1,Low Confidence Mapping,1209825,2296594,0.0
INV-H3-000104,1,Low Confidence Mapping,3278700,4911160,0.0
INV-H3-000105,1,Low Confidence Mapping,619000,1192953,0.0
INV-H3-000106,1,Low Confidence Mapping,2275225,2634361,0.0
INV-H3-000107,1,Low Confidence Mapping,1236725,2584378,0.0
INV-H3-000108,1,Low Confidence Mapping,1721200,4367322,0.0
INV-H3-000109,1,Low Confidence Mapping,2495500,5408087,0.0
INV-H3-000110,1,Low Confidence Mapping,706150,1684768,0.0
INV-H3-000111,1,Low Confidence Mapping,1872200,2383875,0.0
INV-H3-000112,1,Low Confidence Mapping,794200,1742398,0.0
INV-H3-000113,1,Low Confidence Mapping,2994250,5731381,0.0
INV-H3-000114,1,Low Confidence Mapping,845500,1192814,0.0
INV-H3-000115,1,Low Confidence Mapping,2445125,2667417,0.0
INV-H3-000116,1,Low Confidence Mapping,2384350,4073539,0.0
INV-H3-000117,1,Low Confidence Mapping,507075,1089825,0.0
INV-H3-000118,1,Low Confidence Mapping,1494175,1748994,0.0
INV-H3-000119,1,Low Confidence Mapping,1344625,3946345,0.0
INV-H3-000120,1,Low Confidence Mapping,849750,2310243,0.0
INV-H3-000121,1,Low Confidence Mapping,1723675,3402473,0.0
INV-H3-000122,1,Low Confidence Mapping,2100900,5179244,0.0
INV-H3-000123,1,Low Confidence Mapping,1779925,2039450,0.0
INV-H3-000124,1,Low Confidence Mapping,1814425,4141162,0.0
INV-H3-000125,1,Low Confidence Mapping,193650,2340795,0.0
INV-H3-000126,1,Low Confidence Mapping,2098750,5640439,0.0
INV-H3-000127,1,Low Confidence Mapping,3117425,5644242,0.0
INV-H3-000128,1,Low Confidence Mapping,383375,881729,0.0
INV-H3-000129,1,Low Confidence Mapping,2662825,4240496,0.0
INV-H3-000130,1,Low Confidence Mapping,185200,1372600,0.0
INV-H3-000131,1,Low Confidence Mapping,1786675,2896247,0.0
INV-H3-000132,1,Low Confidence Mapping,1218475,2052490,0.0
INV-H3-000133,1,Low Confidence Mapping,405650,1012000,0.0
INV-H3-000134,1,Low Confidence Mapping,1950950,2953243,0.0
INV-H3-000135,1,Low Confidence Mapping,221125,1778600,0.0
INV-H3-000136,1,Low Confidence Mapping,3474025,4579968,0.0
INV-H3-000137,1,Low Confidence Mapping,2443900,4394713,0.0
INV-H3-000138,1,Low Confidence Mapping,3532975,4478817,0.0
INV-H3-000139,1,Low Confidence Mapping,1107100,2278850,0.0
INV-H3-000140,1,Low Confidence Mapping,709575,1739448,0.0
INV-H3-000141,1,Low Confidence Mapping,1674000,3488845,0.0
INV-H3-000142,1,Low Confidence Mapping,2769425,3506118,0.0
INV-H3-000143,1,Low Confidence Mapping,3632925,5464650,0.0
INV-H3-000144,1,Low Confidence Mapping,1508725,3387332,0.0
INV-H3-000145,1,Low Confidence Mapping,393000,678827,0.0
INV-H3-000146,1,Low Confidence Mapping,1644925,1562883,0.0
INV-H3-000147,1,Low Confidence Mapping,3269350,5040665,0.0
INV-H3-000149,1,Low Confidence Mapping,1831200,2077987,0.0
INV-H3-000150,1,Low Confidence Mapping,2105375,2849287,0.0
INV-H3-000151,1,Low Confidence Mapping,3829650,3755802,0.0
INV-H3-000152,1,Low Confidence Mapping,1396625,2359561,0.0
INV-H3-000153,1,Low Confidence Mapping,27875,267839,0.0
INV-H3-000154,1,Low Confidence Mapping,1004875,1491125,0.0
INV-H3-000155,1,Low Confidence Mapping,2436925,3687556,0.0
INV-H3-000156,1,Low Confidence Mapping,2965175,4073409,0.0
INV-H3-000157,1,Low Confidence Mapping,4375200,6489494,0.0
INV-H3-000158,1,Low Confidence Mapping,3426125,4430967,0.0
INV-H3-000159,1,Low Confidence Mapping,2235950,5737941,0.0
INV-H3-000160,1,Low Confidence Mapping,1373250,3567475,0.0
INV-H3-000161,1,Low Confidence Mapping,1957325,2090866,0.0
INV-H3-000162,1,Low Confidence Mapping,681975,715835,0.0
INV-H3-000163,1,Low Confidence Mapping,1425875,1920810,0.0
INV-H3-000164,1,Low Confidence Mapping,1648050,3537602,0.0
INV-H3-000165,1,Low Confidence Mapping,1405125,2458930,0.0
INV-H3-000166,1,Low Confidence Mapping,410500,667075,0.0
INV-H3-000167,1,Low Confidence Mapping,1286975,3634942,0.0
INV-H3-000168,1,Low Confidence Mapping,3068550,3306363,0.0
INV-H3-000169,1,Low Confidence Mapping,1380500,1786082,0.0
INV-H3-000170,1,Low Confidence Mapping,1819750,2347891,0.0
INV-H3-000171,1,Low Confidence Mapping,2715500,3861805,0.0
INV-H3-000172,1,Low Confidence Mapping,2480150,3824234,0.0
INV-H3-000173,1,Low Confidence Mapping,2427600,2611235,0.0
INV-H3-000174,1,Low Confidence Mapping,1529925,1545170,0.0
INV-H3-000175,1,Low Confidence Mapping,900325,2449375,0.0
INV-H3-000176,1,Low Confidence Mapping,917250,1326312,0.0
INV-H3-000177,1,Low Confidence Mapping,88500,1316762,0.0
INV-H3-000178,1,Low Confidence Mapping,1072375,1664920,0.0
INV-H3-000179,1,Low Confidence Mapping,1277700,1627201,0.0
INV-H3-000180,1,Low Confidence Mapping,1011825,2072229,0.0
INV-H3-000181,1,Low Confidence Mapping,3253100,4635942,0.0
INV-H3-000182,1,Low Confidence Mapping,953850,2506010,0.0
INV-H3-000183,1,Low Confidence Mapping,172975,1069831,0.0
INV-H3-000184,1,Low Confidence Mapping,1570850,2893431,0.0
INV-H3-000185,1,Low Confidence Mapping,3185450,4468402,0.0
INV-H3-000186,1,Low Confidence Mapping,787000,1192225,0.0
INV-H3-000187,1,Low Confidence Mapping,2665875,4406200,0.0
INV-H3-000188,1,Low Confidence Mapping,2419300,2658062,0.0
INV-H3-000189,1,Low Confidence Mapping,1016725,1668701,0.0
INV-H3-000190,1,Low Confidence Mapping,1422925,1781390,0.0
INV-H3-000191,1,Low Confidence Mapping,529275,1130450,0.0
INV-H3-000192,1,Low Confidence Mapping,336000,895350,0.0
INV-H3-000193,1,Low Confidence Mapping,679900,860651,0.0
INV-H3-000194,1,Low Confidence Mapping,1970025,2276804,0.0
INV-H3-000195,1,Low Confidence Mapping,3821900,5677016,0.0
INV-H3-000196,1,Low Confidence Mapping,1508325,3350736,0.0
INV-H3-000197,1,Low Confidence Mapping,2101975,3991765,0.0
INV-H3-000198,1,Low Confidence Mapping,928750,4266496,0.0
INV-H3-000199,1,Low Confidence Mapping,2520800,3188609,0.0
INV-H3-000200,1,Low Confidence Mapping,1781950,3939560,0.0
INV-H3-000201,1,Low Confidence Mapping,2911550,3392518,0.0
INV-H3-000202,1,Low Confidence Mapping,2072975,4554734,0.0
INV-H3-000203,1,Low Confidence Mapping,2005975,4626878,0.0
INV-H3-000204,1,Low Confidence Mapping,2508400,4962801,0.0
INV-H3-000205,1,Low Confidence Mapping,2333600,4071739,0.0
INV-H3-000206,1,Low Confidence Mapping,175350,967030,0.0
INV-H3-000207,1,Low Confidence Mapping,1651775,3464947,0.0
INV-H3-000208,1,Low Confidence Mapping,1338850,2132220,0.0
INV-H3-000209,1,Low Confidence Mapping,1469850,2664782,0.0
INV-H3-000210,1,Low Confidence Mapping,3527450,6902928,0.0
INV-H3-000211,1,Low Confidence Mapping,814775,1435800,0.0
INV-H3-000212,1,Low Confidence Mapping,2038000,3418255,0.0
INV-H3-000213,1,Low Confidence Mapping,1510875,1888375,0.0
INV-H3-000214,1,Low Confidence Mapping,179400,1904090,0.0
INV-H3-000215,1,Low Confidence Mapping,1612400,2252954,0.0
INV-H3-000216,1,Low Confidence Mapping,583200,517255,0.0
INV-H3-000217,1,Low Confidence Mapping,2155650,2821690,0.0
INV-H3-000218,1,Low Confidence Mapping,3557225,4377877,0.0
INV-H3-000219,1,Low Confidence Mapping,2171950,4121103,0.0
INV-H3-000220,1,Low Confidence Mapping,948150,1382975,0.0
INV-H3-000221,1,Low Confidence Mapping,970600,2882235,0.0
INV-H3-000222,1,Low Confidence Mapping,951175,1062375,0.0
INV-H3-000223,1,Low Confidence Mapping,2447200,2978097,0.0
INV-H3-000224,1,Low Confidence Mapping,629225,1243799,0.0
INV-H3-000225,1,Low Confidence Mapping,599975,990660,0.0
INV-H3-000226,1,Low Confidence Mapping,1891775,2782237,0.0
INV-H3-000227,1,Low Confidence Mapping,3570425,4352271,0.0
INV-H3-000228,1,Low Confidence Mapping,2060500,3318527,0.0
INV-H3-000229,1,Low Confidence Mapping,2225150,4267784,0.0
INV-H3-000230,1,Low Confidence Mapping,2153850,4647480,0.0
INV-H3-000231,1,Low Confidence Mapping,3010700,4454522,0.0
INV-H3-000232,1,Low Confidence Mapping,1451475,2474922,0.0
INV-H3-000233,1,Low Confidence Mapping,2265650,2454675,0.0
INV-H3-000234,1,Low Confidence Mapping,230625,1394090,0.0
INV-H3-000235,1,Low Confidence Mapping,326775,1007120,0.0
INV-H3-000236,1,Low Confidence Mapping,2440100,3145160,0.0
INV-H3-000237,1,Low Confidence Mapping,677025,2095800,0.0
INV-H3-000238,1,Low Confidence Mapping,1399800,2090769,0.0
INV-H3-000239,1,Low Confidence Mapping,2088375,2210402,0.0
INV-H3-000240,1,Low Confidence Mapping,1752000,3109331,0.0
INV-H3-000241,1,Low Confidence Mapping,1215250,2422456,0.0
INV-H3-000242,1,Low Confidence Mapping,1462125,1954782,0.0
INV-H3-000243,1,Low Confidence Mapping,977850,2866363,0.0
INV-H3-000244,1,Low Confidence Mapping,439650,1227080,0.0
INV-H3-000245,1,Low Confidence Mapping,133050,967183,0.0
INV-H3-000246,1,Low Confidence Mapping,830475,2031615,0.0
INV-H3-000247,1,Low Confidence Mapping,1605750,2467420,0.0
INV-H3-000248,1,Low Confidence Mapping,2435125,3758220,0.0
INV-H3-000249,1,Low Confidence Mapping,1867900,3239761,0.0
INV-H3-000250,1,Low Confidence Mapping,584450,2330052,0.0
INV-H3-000251,1,Low Confidence Mapping,818425,1281594,0.0
INV-H3-000252,1,Low Confidence Mapping,720525,2668032,0.0
INV-H3-000253,1,Low Confidence Mapping,1869900,3078925,0.0
INV-H3-000254,1,Low Confidence Mapping,2362675,4473568,0.0
INV-H3-000255,1,Low Confidence Mapping,1040325,1758575,0.0
INV-H3-000256,1,Low Confidence Mapping,2047900,3038692,0.0
INV-H3-000257,1,Low Confidence Mapping,1839800,2063175,0.0
INV-H3-000258,1,Low Confidence Mapping,201825,775102,0.0
INV-H3-000259,1,Low Confidence Mapping,1737100,2849928,0.0
INV-H3-000260,1,Low Confidence Mapping,2008525,1972756,0.0
INV-H3-000261,1,Low Confidence Mapping,1810175,2140758,0.0
INV-H3-000262,1,Low Confidence Mapping,2765050,4801913,0.0
INV-H3-000263,1,Low Confidence Mapping,447075,1293748,0.0
INV-H3-000264,1,Low Confidence Mapping,2516375,3302277,0.0
INV-H3-000265,1,Low Confidence Mapping,1301750,3208663,0.0
INV-H3-000266,1,Low Confidence Mapping,3595125,5056653,0.0
INV-H3-000267,1,Low Confidence Mapping,847950,1268756,0.0
INV-H3-000268,1,Low Confidence Mapping,367275,1055840,0.0
INV-H3-000269,1,Low Confidence Mapping,479500,1423991,0.0
INV-H3-000270,1,Low Confidence Mapping,457575,1420122,0.0
INV-H3-000271,1,Low Confidence Mapping,3266175,3940067,0.0
INV-H3-000272,1,Low Confidence Mapping,310125,972608,0.0
INV-H3-000273,1,Low Confidence Mapping,2986050,4077755,0.0
INV-H3-000274,1,Low Confidence Mapping,1095825,2246868,0.0
INV-H3-000275,1,Low Confidence Mapping,2097625,2336290,0.0
INV-H3-000276,1,Low Confidence Mapping,1435050,2575410,0.0
INV-H3-000277,1,Low Confidence Mapping,1847225,2833247,0.0
INV-H3-000278,1,Low Confidence Mapping,2582450,4185298,0.0
INV-H3-000279,1,Low Confidence Mapping,1246625,2675759,0.0
INV-H3-000280,1,Low Confidence Mapping,843475,1482837,0.0
INV-H3-000281,1,Low Confidence Mapping,852150,2087514,0.0
INV-H3-000282,1,Low Confidence Mapping,203050,1465854,0.0
INV-H3-000283,1,Low Confidence Mapping,3411100,4428835,0.0
INV-H3-000284,1,Low Confidence Mapping,4145700,4960090,0.0
INV-H3-000285,1,Low Confidence Mapping,2441525,3738460,0.0
INV-H3-000286,1,Low Confidence Mapping,2562100,2583800,0.0
INV-H3-000287,1,Low Confidence Mapping,2211575,2856585,0.0
INV-H3-000288,1,Low Confidence Mapping,918475,1668069,0.0
INV-H3-000289,1,Low Confidence Mapping,248925,2079560,0.0
INV-H3-000290,1,Low Confidence Mapping,1071325,1305288,0.0
INV-H3-000291,1,Low Confidence Mapping,1927075,3600303,0.0
INV-H3-000292,1,Low Confidence Mapping,980625,3120806,0.0
INV-H3-000293,1,Low Confidence Mapping,3800700,5029915,0.0
INV-H3-000294,1,Low Confidence Mapping,1601375,1846274,0.0
INV-H3-000295,1,Low Confidence Mapping,1419625,3321134,0.0
INV-H3-000296,1,Low Confidence Mapping,516450,875377,0.0
INV-H3-000297,1,Low Confidence Mapping,2773150,4008253,0.0
INV-H3-000298,1,Low Confidence Mapping,734450,1280597,0.0
INV-H3-000299,1,Low Confidence Mapping,2356650,4663843,0.0
INV-H3-000300,1,Low Confidence Mapping,1302875,2366504,0.0
INV-H3-000301,1,Low Confidence Mapping,606725,584765,0.0
INV-H3-000302,1,Low Confidence Mapping,2432900,2851784,0.0
INV-H3-000303,1,Low Confidence Mapping,1050375,2398761,0.0
INV-H3-000304,1,Low Confidence Mapping,1653050,2254728,0.0
INV-H3-000305,1,Low Confidence Mapping,3122575,5369852,0.0
INV-H3-000306,1,Low Confidence Mapping,1955375,2291309,0.0
INV-H3-000307,1,Low Confidence Mapping,1307925,2979876,0.0
INV-H3-000308,1,Low Confidence Mapping,3427575,5674337,0.0
INV-H3-000309,1,Low Confidence Mapping,476475,1255941,0.0
INV-H3-000310,1,Low Confidence Mapping,3109725,3579397,0.0
INV-H3-000311,1,Low Confidence Mapping,1096100,2669817,0.0
INV-H3-000312,1,Low Confidence Mapping,890075,2120285,0.0
INV-H3-000313,1,Low Confidence Mapping,681975,1656090,0.0
INV-H3-000314,1,Low Confidence Mapping,1636375,2584085,0.0
INV-H3-000315,1,Low Confidence Mapping,2521350,2808637,0.0
INV-H3-000316,1,Low Confidence Mapping,1991875,2965511,0.0
INV-H3-000317,1,Low Confidence Mapping,1173550,1409111,0.0
INV-H3-000318,1,Low Confidence Mapping,1106650,2002531,0.0
INV-H3-000319,1,Low Confidence Mapping,1160550,1994444,0.0
INV-H3-000320,1,Low Confidence Mapping,2903375,3519298,0.0
INV-H3-000321,1,Low Confidence Mapping,344475,809375,0.0
INV-H3-000322,1,Low Confidence Mapping,3932975,4460091,0.0
INV-H3-000323,1,Low Confidence Mapping,3282875,4914608,0.0
INV-H3-000325,1,Low Confidence Mapping,2270725,4438825,0.0
INV-H3-000326,1,Low Confidence Mapping,1014950,1176004,0.0
INV-H3-000327,1,Low Confidence Mapping,824675,2881395,0.0
INV-H3-000328,1,Low Confidence Mapping,2329875,3115283,0.0
INV-H3-000329,1,Low Confidence Mapping,3001275,5813300,0.0
INV-H3-000330,1,Low Confidence Mapping,2266075,3100873,0.0
INV-H3-000331,1,Low Confidence Mapping,2131125,2407428,0.0
INV-H3-000332,1,Low Confidence Mapping,3999650,4925293,0.0
INV-H3-000333,1,Low Confidence Mapping,684975,1677524,0.0
INV-H3-000335,1,Low Confidence Mapping,1212200,3284145,0.0
INV-H3-000336,1,Low Confidence Mapping,2649775,4078379,0.0
INV-H3-000337,1,Low Confidence Mapping,1493975,1678515,0.0
INV-H3-000338,1,Low Confidence Mapping,1863350,3561443,0.0
INV-H3-000339,1,Low Confidence Mapping,787125,914300,0.0
INV-H3-000340,1,Low Confidence Mapping,1394000,3870957,0.0
INV-H3-000341,1,Low Confidence Mapping,45625,1351390,0.0
INV-H3-000342,1,Low Confidence Mapping,2065375,3544012,0.0
INV-H3-000343,1,Low Confidence Mapping,3909550,5494992,0.0
INV-H3-000344,1,Low Confidence Mapping,1764450,3057951,0.0
INV-H3-000148,1,Low Confidence Mapping,2041875,1367695,0.0
INV-H3-000346,1,Low Confidence Mapping,1055300,2421974,0.0
INV-H3-000347,1,Low Confidence Mapping,1164750,1822098,0.0
INV-H3-000348,1,Low Confidence Mapping,469375,1258643,0.0
INV-H3-000349,1,Low Confidence Mapping,1568350,3318030,0.0
INV-H3-000350,1,Low Confidence Mapping,2749350,3643337,0.0
INV-H3-000351,1,Low Confidence Mapping,1112025,940257,0.0
INV-H3-000353,1,Low Confidence Mapping,1470675,3005067,0.0
INV-H3-000354,1,Low Confidence Mapping,1391750,1327549,0.0
INV-H3-000355,1,Low Confidence Mapping,1075825,2542679,0.0
INV-H3-000356,1,Low Confidence Mapping,348075,893175,0.0
INV-H3-000357,1,Low Confidence Mapping,465625,724170,0.0
INV-H3-000358,1,Low Confidence Mapping,2421075,2515793,0.0
INV-H3-000359,1,Low Confidence Mapping,1206750,1321233,0.0
INV-H3-000360,1,Low Confidence Mapping,1087750,1872785,0.0
INV-H3-000361,1,Low Confidence Mapping,545150,680391,0.0
INV-H3-000362,1,Low Confidence Mapping,1750725,2478315,0.0
INV-H3-000363,1,Low Confidence Mapping,1660275,2021865,0.0
INV-H3-000364,1,Low Confidence Mapping,354675,717492,0.0
INV-H3-000365,1,Low Confidence Mapping,860750,2076880,0.0
INV-H3-000366,1,Low Confidence Mapping,1556000,1721197,0.0
INV-H3-000367,1,Low Confidence Mapping,616675,1226552,0.0
INV-H3-000368,1,Low Confidence Mapping,1700200,2454243,0.0
INV-H3-000369,1,Low Confidence Mapping,579325,987804,0.0
INV-H3-000370,1,Low Confidence Mapping,1466550,1644625,0.0
INV-H3-000371,1,Low Confidence Mapping,275175,757680,0.0
INV-H3-000372,1,Low Confidence Mapping,1570075,3705794,0.0
INV-H3-000373,1,Low Confidence Mapping,1533500,2974080,0.0
INV-H3-000374,1,Low Confidence Mapping,1170900,2207638,0.0
INV-H3-000375,1,Low Confidence Mapping,2462125,3934697,0.0
INV-H3-000376,1,Low Confidence Mapping,1592650,2699524,0.0
INV-H3-000377,1,Low Confidence Mapping,1366525,1450513,0.0
INV-H3-000378,1,Low Confidence Mapping,656600,695900,0.0
INV-H3-000379,1,Low Confidence Mapping,2911725,3426839,0.0
INV-H3-000380,1,Low Confidence Mapping,1907500,2527400,0.0
INV-H3-000382,1,Low Confidence Mapping,1558725,2422535,0.0
INV-H3-000383,1,Low Confidence Mapping,1281475,1443865,0.0
INV-H3-000384,1,Low Confidence Mapping,846500,1841225,0.0
INV-H3-000385,1,Low Confidence Mapping,1190050,1162656,0.0
INV-H3-000386,1,Low Confidence Mapping,2497950,3538584,0.0
INV-H3-000387,1,Low Confidence Mapping,436075,1167943,0.0
INV-H3-000388,1,Low Confidence Mapping,1209150,1485550,0.0
INV-H3-000389,1,Low Confidence Mapping,1599075,2820751,0.0
INV-H3-000390,1,Low Confidence Mapping,2062800,3011640,0.0
INV-H3-000391,1,Low Confidence Mapping,1718300,2317653,0.0
INV-H3-000392,1,Low Confidence Mapping,2299600,6412428,0.0
INV-H3-000393,1,Low Confidence Mapping,160750,1479500,0.0
INV-H3-000394,1,Low Confidence Mapping,1345450,1354133,0.0
INV-H3-000395,1,Low Confidence Mapping,1896575,4059927,0.0
INV-H3-000396,1,Low Confidence Mapping,1790700,4882503,0.0
INV-H3-000397,1,Low Confidence Mapping,0,1053916,0.0
INV-H3-000398,1,Low Confidence Mapping,2928475,4307147,0.0
INV-H3-000399,1,Low Confidence Mapping,1578475,2061652,0.0
INV-H3-000400,1,Low Confidence Mapping,1876450,2273634,0.0
INV-H3-000401,1,Low Confidence Mapping,1429900,2289619,0.0
INV-H3-000402,1,Low Confidence Mapping,835950,1030376,0.0
INV-H3-000403,1,Low Confidence Mapping,993225,1723380,0.0
INV-H3-000404,1,Low Confidence Mapping,1906825,2432324,0.0
INV-H3-000405,1,Low Confidence Mapping,1789150,2754465,0.0
INV-H3-000406,1,Low Confidence Mapping,560150,1330794,0.0
INV-H3-000407,1,Low Confidence Mapping,1466325,1651890,0.0
INV-H3-000408,1,Low Confidence Mapping,1592875,3571126,0.0
INV-H3-000409,1,Low Confidence Mapping,102325,847213,0.0
INV-H3-000410,1,Low Confidence Mapping,1865075,2640415,0.0
INV-H3-000411,1,Low Confidence Mapping,1831575,2285301,0.0
INV-H3-000412,1,Low Confidence Mapping,1427950,3431121,0.0
INV-H3-000413,1,Low Confidence Mapping,548400,1623251,0.0
INV-H3-000414,1,Low Confidence Mapping,1521400,2582215,0.0
INV-H3-000415,1,Low Confidence Mapping,1435900,2317974,0.0
INV-H3-000416,1,Low Confidence Mapping,2057750,3501130,0.0
INV-H3-000417,1,Low Confidence Mapping,1195675,3108901,0.0
INV-H3-000418,1,Low Confidence Mapping,1606875,2477993,0.0
INV-H3-000419,1,Low Confidence Mapping,1814775,4102600,0.0
INV-H3-000420,1,Low Confidence Mapping,2040200,3515258,0.0
INV-H3-000421,1,Low Confidence Mapping,3346275,4445080,0.0
INV-H3-000422,1,Low Confidence Mapping,1708400,2027914,0.0
INV-H3-000423,1,Low Confidence Mapping,3598400,5380751,0.0
INV-H3-000424,1,Low Confidence Mapping,815100,1658950,0.0
INV-H3-000425,1,Low Confidence Mapping,1164125,2704525,0.0
INV-H3-000426,1,Low Confidence Mapping,1963675,3195393,0.0
INV-H3-000427,1,Low Confidence Mapping,3464850,3691222,0.0
INV-H3-000428,1,Low Confidence Mapping,2065325,4079374,0.0
INV-H3-000429,1,Low Confidence Mapping,780925,1635812,0.0
INV-H3-000430,1,Low Confidence Mapping,3101475,5691368,0.0
INV-H3-000431,1,Low Confidence Mapping,2391275,2216726,0.0
INV-H3-000432,1,Low Confidence Mapping,1586175,3930653,0.0
INV-H3-000433,1,Low Confidence Mapping,1702925,3852667,0.0
INV-H3-000434,1,Low Confidence Mapping,740750,2688649,0.0
INV-H3-000435,1,Low Confidence Mapping,3072700,4711705,0.0
INV-H3-000436,1,Low Confidence Mapping,1060900,2701125,0.0
INV-H3-000437,1,Low Confidence Mapping,1530525,2947453,0.0
INV-H3-000438,1,Low Confidence Mapping,292400,1846603,0.0
INV-H3-000439,1,Low Confidence Mapping,1151250,3044934,0.0
INV-H3-000440,1,Low Confidence Mapping,1532925,1837069,0.0
INV-H3-000441,1,Low Confidence Mapping,278200,1325956,0.0
INV-H3-000442,1,Low Confidence Mapping,1993500,3988025,0.0
INV-H3-000443,1,Low Confidence Mapping,2285075,4655612,0.0
INV-H3-000334,1,Low Confidence Mapping,3330925,3368965,0.0
INV-H3-000445,1,Low Confidence Mapping,759400,1187550,0.0
INV-H3-000446,1,Low Confidence Mapping,2101625,3993475,0.0
INV-H3-000447,1,Low Confidence Mapping,366350,972204,0.0
INV-H3-000448,1,Low Confidence Mapping,3339850,4355694,0.0
INV-H3-000449,1,Low Confidence Mapping,1402050,1622474,0.0
INV-H3-000450,1,Low Confidence Mapping,2544100,4008686,0.0
INV-H3-000381,1,Low Confidence Mapping,1229625,1876500,0.0
INV-H3-000452,1,Low Confidence Mapping,2423750,3479088,0.0
INV-H3-000453,1,Low Confidence Mapping,2803075,4896846,0.0
INV-H3-000454,1,Low Confidence Mapping,423300,1592850,0.0
INV-H3-000455,1,Low Confidence Mapping,3278150,4208045,0.0
INV-H3-000456,1,Low Confidence Mapping,2408400,3707091,0.0
INV-H3-000457,1,Low Confidence Mapping,3523325,4279312,0.0
INV-H3-000458,1,Low Confidence Mapping,2273375,2222984,0.0
INV-H3-000459,1,Low Confidence Mapping,873325,1317500,0.0
INV-H3-000460,1,Low Confidence Mapping,1830200,3160198,0.0
INV-H3-000461,1,Low Confidence Mapping,3071675,5519752,0.0
INV-H3-000462,1,Low Confidence Mapping,954850,1439683,0.0
INV-H3-000463,1,Low Confidence Mapping,2539650,3219053,0.0
INV-H3-000464,1,Low Confidence Mapping,2658950,3751201,0.0
INV-H3-000465,1,Low Confidence Mapping,3184900,4251715,0.0
INV-H3-000466,1,Low Confidence Mapping,2040250,2459354,0.0
INV-H3-000467,1,Low Confidence Mapping,1639350,1703992,0.0
INV-H3-000468,1,Low Confidence Mapping,4787150,5886647,0.0
INV-H3-000469,1,Low Confidence Mapping,1111525,1587110,0.0
INV-H3-000470,1,Low Confidence Mapping,760800,1300815,0.0
INV-H3-000471,1,Low Confidence Mapping,2385850,4089865,0.0
INV-H3-000472,1,Low Confidence Mapping,4054550,5596705,0.0
INV-H3-000473,1,Low Confidence Mapping,1656750,3656652,0.0
INV-H3-000474,1,Low Confidence Mapping,1755175,2078701,0.0
INV-H3-000475,1,Low Confidence Mapping,2192725,2980293,0.0
INV-H3-000476,1,Low Confidence Mapping,2619975,3087010,0.0
INV-H3-000477,1,Low Confidence Mapping,439275,2486155,0.0
INV-H3-000478,1,Low Confidence Mapping,1680150,1588911,0.0
INV-H3-000479,1,Low Confidence Mapping,2334150,2825081,0.0
INV-H3-000480,1,Low Confidence Mapping,1200125,1405764,0.0
INV-H3-000481,1,Low Confidence Mapping,1415125,3132194,0.0
INV-H3-000482,1,Low Confidence Mapping,1572700,5256564,0.0
INV-H3-000483,1,Low Confidence Mapping,1935625,3628363,0.0
INV-H3-000484,1,Low Confidence Mapping,2062575,2857716,0.0
INV-H3-000485,1,Low Confidence Mapping,1974525,3810575,0.0
INV-H3-000486,1,Low Confidence Mapping,2996200,3549214,0.0
INV-H3-000487,1,Low Confidence Mapping,1162750,1542510,0.0
INV-H3-000488,1,Low Confidence Mapping,1131925,1587190,0.0
INV-H3-000489,1,Low Confidence Mapping,2751800,4410294,0.0
INV-H3-000490,1,Low Confidence Mapping,3825125,4635311,0.0
INV-H3-000491,1,Low Confidence Mapping,2691625,3031146,0.0
INV-H3-000492,1,Low Confidence Mapping,1503850,3939718,0.0
INV-H3-000493,1,Low Confidence Mapping,1656175,2162917,0.0
INV-H3-000494,1,Low Confidence Mapping,4310100,4625479,0.0
INV-H3-000495,1,Low Confidence Mapping,1940400,4155233,0.0
INV-H3-000496,1,Low Confidence Mapping,771275,1460292,0.0
INV-H3-000497,1,Low Confidence Mapping,2956775,3787432,0.0
INV-H3-000498,1,Low Confidence Mapping,443425,746800,0.0
INV-H3-000499,1,Low Confidence Mapping,1814500,2510715,0.0
INV-H3-000500,1,Low Confidence Mapping,1237325,1543999,0.0
INV-H3-000501,1,Low Confidence Mapping,2653275,4838595,0.0
INV-H3-000502,1,Low Confidence Mapping,2739025,2890857,0.0
INV-H3-000503,1,Low Confidence Mapping,1166175,1983675,0.0
INV-H3-000504,1,Low Confidence Mapping,1174800,1571425,0.0
INV-H3-000505,1,Low Confidence Mapping,1528900,2146935,0.0
INV-H3-000506,1,Low Confidence Mapping,3572625,4826401,0.0
INV-H3-000507,1,Low Confidence Mapping,1151100,2111931,0.0
INV-H3-000508,1,Low Confidence Mapping,3057850,5882488,0.0
INV-H3-000509,1,Low Confidence Mapping,1374875,1606500,0.0
INV-H3-000510,1,Low Confidence Mapping,1286800,3190771,0.0
INV-H3-000511,1,Low Confidence Mapping,1836900,3275914,0.0
INV-H3-000512,1,Low Confidence Mapping,1692875,3022326,0.0
INV-H3-000513,1,Underbilled,1072675,1009369,0.6
INV-H3-000514,1,Low Confidence Mapping,252750,1052504,0.0
INV-H3-000515,1,Low Confidence Mapping,2388350,3852464,0.0
INV-H3-000516,1,Low Confidence Mapping,1744950,2630209,0.0
INV-H3-000517,1,Low Confidence Mapping,1861600,3916004,0.0
INV-H3-000518,1,Low Confidence Mapping,529525,962297,0.0
INV-H3-000519,1,Low Confidence Mapping,2440450,5156320,0.0
INV-H3-000520,1,Low Confidence Mapping,629600,934154,0.0
INV-H3-000521,1,Low Confidence Mapping,3533225,4582974,0.0
INV-H3-000522,1,Low Confidence Mapping,1750100,1646077,0.0
INV-H3-000523,1,Low Confidence Mapping,4195050,5465371,0.0
INV-H3-000524,1,Low Confidence Mapping,2448750,3069495,0.0
INV-H3-000525,1,Low Confidence Mapping,1677500,2813784,0.0
INV-H3-000526,1,Low Confidence Mapping,1010775,2351240,0.0
INV-H3-000527,1,Low Confidence Mapping,3802075,4451577,0.0
INV-H3-000528,1,Low Confidence Mapping,4022000,5335500,0.0
INV-H3-000529,1,Low Confidence Mapping,3247650,5138061,0.0
INV-H3-000530,1,Low Confidence Mapping,3062825,4685283,0.0
INV-H3-000531,1,Low Confidence Mapping,1180350,1349824,0.0
INV-H3-000532,1,Low Confidence Mapping,426675,2162095,0.0
INV-H3-000533,1,Low Confidence Mapping,2813575,3120689,0.0
INV-H3-000534,1,Low Confidence Mapping,1881075,2294208,0.0
INV-H3-000535,1,Low Confidence Mapping,1139600,1661983,0.0
INV-H3-000536,1,Low Confidence Mapping,3537350,5678787,0.0
INV-H3-000537,1,Low Confidence Mapping,3722950,5535363,0.0
INV-H3-000538,1,Low Confidence Mapping,2251725,3761135,0.0
INV-H3-000539,1,Low Confidence Mapping,1111175,1898399,0.0
INV-H3-000540,1,Low Confidence Mapping,4481400,5031053,0.0
INV-H3-000541,1,Low Confidence Mapping,1847850,5042950,0.0
INV-H3-000542,1,Low Confidence Mapping,1273100,1483885,0.0
INV-H3-000543,1,Low Confidence Mapping,3531325,4273409,0.0
INV-H3-000544,1,Low Confidence Mapping,1263400,1496585,0.0
INV-H3-000545,1,Low Confidence Mapping,2008025,1992091,0.0
INV-H3-000546,1,Low Confidence Mapping,2421000,4199469,0.0
INV-H3-000547,1,Low Confidence Mapping,1909700,1793479,0.0
INV-H3-000548,1,Low Confidence Mapping,2748800,3780600,0.0
INV-H3-000549,1,Low Confidence Mapping,432450,632222,0.0
INV-H3-000550,1,Low Confidence Mapping,1988525,2112615,0.0
INV-H3-000551,1,Low Confidence Mapping,1228400,2365136,0.0
INV-H3-000552,1,Low Confidence Mapping,1170400,2129160,0.0
INV-H3-000553,1,Low Confidence Mapping,1371625,2829251,0.0
INV-H3-000554,1,Low Confidence Mapping,864075,896743,0.0
INV-H3-000555,1,Low Confidence Mapping,2503550,4569560,0.0
INV-H3-000556,1,Low Confidence Mapping,1378725,3215828,0.0
INV-H3-000557,1,Low Confidence Mapping,809175,946635,0.0
INV-H3-000558,1,Low Confidence Mapping,1182900,2223251,0.0
INV-H3-000559,1,Low Confidence Mapping,954075,1222949,0.0
INV-H3-000560,1,Low Confidence Mapping,1094400,1914351,0.0
INV-H3-000561,1,Low Confidence Mapping,4754050,5976733,0.0
INV-H3-000562,1,Low Confidence Mapping,1414325,1326928,0.0
INV-H3-000563,1,Low Confidence Mapping,1295575,1630315,0.0
INV-H3-000564,1,Overbilled,2064200,2089596,0.6
INV-H3-000565,1,Low Confidence Mapping,534200,1543378,0.0
INV-H3-000566,1,Low Confidence Mapping,1651000,2355847,0.0
INV-H3-000567,1,Low Confidence Mapping,3635525,4725194,0.0
INV-H3-000568,1,Low Confidence Mapping,1680625,3255149,0.0
INV-H3-000569,1,Low Confidence Mapping,2189900,3211128,0.0
INV-H3-000570,1,Low Confidence Mapping,1466050,3537739,0.0
INV-H3-000571,1,Low Confidence Mapping,477350,1000673,0.0
INV-H3-000572,1,Low Confidence Mapping,1145550,4585023,0.0
INV-H3-000573,1,Low Confidence Mapping,1293525,1617505,0.0
INV-H3-000574,1,Low Confidence Mapping,2330875,3886102,0.0
INV-H3-000575,1,Low Confidence Mapping,1940925,2133408,0.0
INV-H3-000576,1,Low Confidence Mapping,3034575,4165113,0.0
INV-H3-000577,1,Low Confidence Mapping,935075,2116580,0.0
INV-H3-000578,1,Low Confidence Mapping,1568425,2599242,0.0
INV-H3-000579,1,Low Confidence Mapping,899025,1735230,0.0
INV-H3-000580,1,Low Confidence Mapping,3255925,3746399,0.0
INV-H3-000581,1,Low Confidence Mapping,1116150,1626740,0.0
INV-H3-000582,1,Low Confidence Mapping,1824225,2791270,0.0
INV-H3-000583,1,Low Confidence Mapping,1666350,2040792,0.0
INV-H3-000584,1,Low Confidence Mapping,1258400,2568524,0.0
INV-H3-000585,1,Low Confidence Mapping,1998100,4437313,0.0
INV-H3-000586,1,Low Confidence Mapping,657250,1714262,0.0
INV-H3-000587,1,Low Confidence Mapping,1523825,2548460,0.0
INV-H3-000588,1,Low Confidence Mapping,1846450,4209747,0.0
INV-H3-000589,1,Low Confidence Mapping,781625,1413600,0.0
INV-H3-000590,1,Low Confidence Mapping,735575,1062716,0.0
INV-H3-000591,1,Low Confidence Mapping,1209150,2326614,0.0
INV-H3-000592,1,Low Confidence Mapping,382300,2351950,0.0
INV-H3-000593,1,Low Confidence Mapping,2513775,2946528,0.0
INV-H3-000594,1,Low Confidence Mapping,1829000,2622423,0.0
INV-H3-000595,1,Low Confidence Mapping,1263775,3212435,0.0
INV-H3-000596,1,Low Confidence Mapping,745725,1353425,0.0
INV-H3-000597,1,Low Confidence Mapping,1861150,2763642,0.0
INV-H3-000598,1,Low Confidence Mapping,3637275,4266606,0.0
INV-H3-000599,1,Low Confidence Mapping,3884275,3952368,0.0
INV-H3-000600,1,Low Confidence Mapping,669450,1181936,0.0
INV-H3-000601,1,Low Confidence Mapping,1526625,1758720,0.0
INV-H3-000602,1,Low Confidence Mapping,1590125,2903585,0.0
INV-H3-000603,1,Low Confidence Mapping,3128900,4087951,0.0
INV-H3-000604,1,Low Confidence Mapping,908200,1460397,0.0
INV-H3-000605,1,Low Confidence Mapping,2601900,5188179,0.0
INV-H3-000606,1,Low Confidence Mapping,732650,1715630,0.0
INV-H3-000607,1,Low Confidence Mapping,997475,1683196,0.0
INV-H3-000608,1,Low Confidence Mapping,3081725,4687781,0.0
INV-H3-000609,1,Low Confidence Mapping,3411775,3958061,0.0
INV-H3-000610,1,Low Confidence Mapping,638825,1280605,0.0
INV-H3-000611,1,Low Confidence Mapping,1184525,2620672,0.0
INV-H3-000612,1,Low Confidence Mapping,2170450,2605415,0.0
INV-H3-000613,1,Low Confidence Mapping,3172425,3899556,0.0
INV-H3-000614,1,Low Confidence Mapping,2557775,3531410,0.0
INV-H3-000615,1,Low Confidence Mapping,762575,3651949,0.0
INV-H3-000616,1,Low Confidence Mapping,1407625,2455618,0.0
INV-H3-000617,1,Low Confidence Mapping,1808025,1986075,0.0
INV-H3-000618,1,Low Confidence Mapping,1776300,2526045,0.0
INV-H3-000619,1,Low Confidence Mapping,1260850,3116724,0.0
INV-H3-000620,1,Low Confidence Mapping,1648500,1673940,0.0
INV-H3-000621,1,Low Confidence Mapping,1458475,2670404,0.0
INV-H3-000622,1,Low Confidence Mapping,222525,668775,0.0
INV-H3-000623,1,Low Confidence Mapping,1192675,1904016,0.0
INV-H3-000624,1,Low Confidence Mapping,2962425,3025727,0.0
INV-H3-000625,1,Low Confidence Mapping,2639000,3580886,0.0
INV-H3-000626,1,Low Confidence Mapping,353475,722107,0.0
INV-H3-000627,1,Low Confidence Mapping,3030100,4290205,0.0
INV-H3-000628,1,Low Confidence Mapping,2454150,4567552,0.0
INV-H3-000629,1,Low Confidence Mapping,434375,2215821,0.0
INV-H3-000630,1,Low Confidence Mapping,621100,2472360,0.0
INV-H3-000631,1,Low Confidence Mapping,1781600,2339462,0.0
INV-H3-000632,1,Low Confidence Mapping,954600,2624830,0.0
INV-H3-000633,1,Low Confidence Mapping,1079400,1510337,0.0
INV-H3-000634,1,Low Confidence Mapping,1395875,2123742,0.0
INV-H3-000635,1,Low Confidence Mapping,207575,936631,0.0
INV-H3-000636,1,Underbilled,2179100,1955525,0.61
INV-H3-000637,1,Low Confidence Mapping,2773800,3055685,0.0
INV-H3-000638,1,Low Confidence Mapping,2302525,2890956,0.0
INV-H3-000639,1,Low Confidence Mapping,1152225,2652090,0.0
INV-H3-000640,1,Low Confidence Mapping,1054750,1302601,0.0
INV-H3-000641,1,Underbilled,1811700,1674515,0.61
INV-H3-000642,1,Low Confidence Mapping,839575,995375,0.0
INV-H3-000643,1,Low Confidence Mapping,1869250,3534723,0.0
INV-H3-000644,1,Low Confidence Mapping,1184250,3316764,0.0
INV-H3-000645,1,Low Confidence Mapping,2457275,4570371,0.0
INV-H3-000646,1,Low Confidence Mapping,2308875,1914630,0.0
INV-H3-000647,1,Low Confidence Mapping,2972600,3947500,0.0
INV-H3-000648,1,Low Confidence Mapping,2064650,5192171,0.0
INV-H3-000649,1,Low Confidence Mapping,2507100,3415809,0.0
INV-H3-000650,1,Low Confidence Mapping,1556650,2499927,0.0
INV-H3-000651,1,Low Confidence Mapping,1114400,1936547,0.0
INV-H3-000652,1,Low Confidence Mapping,1030575,1065969,0.0
INV-H3-000352,1,Low Confidence Mapping,2213775,1962471,0.0
INV-H3-000654,1,Low Confidence Mapping,2433650,5481069,0.0
INV-H3-000655,1,Low Confidence Mapping,1393400,3114597,0.0
INV-H3-000656,1,Low Confidence Mapping,1333700,1487115,0.0
INV-H3-000657,1,Low Confidence Mapping,425600,672625,0.0
INV-H3-000658,1,Low Confidence Mapping,1060625,1482129,0.0
INV-H3-000659,1,Low Confidence Mapping,1989550,3694703,0.0
INV-H3-000660,1,Low Confidence Mapping,4285450,4491167,0.0
INV-H3-000661,1,Low Confidence Mapping,993925,880809,0.0
INV-H3-000662,1,Low Confidence Mapping,2166425,3525056,0.0
INV-H3-000663,1,Low Confidence Mapping,3152400,4226294,0.0
INV-H3-000664,1,Low Confidence Mapping,150750,566596,0.0
INV-H3-000665,1,Low Confidence Mapping,1685225,3494543,0.0
INV-H3-000666,1,Low Confidence Mapping,732900,1446606,0.0
INV-H3-000667,1,Low Confidence Mapping,2712825,3092945,0.0
INV-H3-000668,1,Low Confidence Mapping,1381900,3587878,0.0
INV-H3-000669,1,Low Confidence Mapping,141525,514363,0.0
INV-H3-000670,1,Low Confidence Mapping,4008175,5265208,0.0
INV-H3-000671,1,Low Confidence Mapping,2032225,2958561,0.0
INV-H3-000672,1,Low Confidence Mapping,1005625,995793,0.0
INV-H3-000673,1,Low Confidence Mapping,2981550,4225099,0.0
INV-H3-000674,1,Low Confidence Mapping,1112675,3398905,0.0
INV-H3-000675,1,Low Confidence Mapping,1848775,3301921,0.0
INV-H3-000676,1,Low Confidence Mapping,2067800,3978332,0.0
INV-H3-000677,1,Low Confidence Mapping,855475,1947461,0.0
INV-H3-000678,1,Low Confidence Mapping,2977200,3242274,0.0
INV-H3-000679,1,Low Confidence Mapping,1425500,3365938,0.0
INV-H3-000680,1,Low Confidence Mapping,873425,2573845,0.0
INV-H3-000681,1,Low Confidence Mapping,843850,2132554,0.0
INV-H3-000682,1,Low Confidence Mapping,1589975,1879175,0.0
INV-H3-000683,1,Low Confidence Mapping,1348050,4193370,0.0
INV-H3-000684,1,Low Confidence Mapping,3790975,3962076,0.0
INV-H3-000685,1,Low Confidence Mapping,1272500,2811475,0.0
INV-H3-000686,1,Low Confidence Mapping,1503125,1507477,0.0
INV-H3-000687,1,Low Confidence Mapping,3381525,4845729,0.0
INV-H3-000688,1,Low Confidence Mapping,1069550,1626005,0.0
INV-H3-000689,1,Low Confidence Mapping,1908125,4240534,0.0
INV-H3-000690,1,Low Confidence Mapping,2989325,4065707,0.0
INV-H3-000691,1,Low Confidence Mapping,1925250,4897794,0.0
INV-H3-000692,1,Low Confidence Mapping,1965225,2539843,0.0
INV-H3-000693,1,Low Confidence Mapping,1592175,2568521,0.0
INV-H3-000694,1,Low Confidence Mapping,1955150,3730941,0.0
INV-H3-000695,1,Low Confidence Mapping,1160250,4156121,0.0
INV-H3-000696,1,Low Confidence Mapping,2114450,3157541,0.0
INV-H3-000697,1,Low Confidence Mapping,2387950,4006602,0.0
INV-H3-000698,1,Low Confidence Mapping,2358775,3137774,0.0
INV-H3-000699,1,Low Confidence Mapping,1106700,1467283,0.0
INV-H3-000700,1,Low Confidence Mapping,3031600,4189369,0.0
INV-H3-000701,1,Low Confidence Mapping,670075,1027208,0.0
INV-H3-000702,1,Low Confidence Mapping,2461275,3242872,0.0
INV-H3-000703,1,Low Confidence Mapping,3407200,3295775,0.0
INV-H3-000324,1,Low Confidence Mapping,1558900,1266846,0.0
INV-H3-000705,1,Low Confidence Mapping,965425,831530,0.0
INV-H3-000706,1,Low Confidence Mapping,2671575,5393761,0.0
INV-H3-000707,1,Low Confidence Mapping,1006525,1488925,0.0
INV-H3-000708,1,Low Confidence Mapping,293750,2003036,0.0
INV-H3-000709,1,Low Confidence Mapping,4167600,4056260,0.0
INV-H3-000710,1,Low Confidence Mapping,1772550,2337448,0.0
INV-H3-000711,1,Low Confidence Mapping,1908325,2972890,0.0
INV-H3-000712,1,Low Confidence Mapping,3503675,5427346,0.0
INV-H3-000713,1,Low Confidence Mapping,341175,516575,0.0
INV-H3-000714,1,Low Confidence Mapping,2053050,2417803,0.0
INV-H3-000715,1,Low Confidence Mapping,1069025,2589505,0.0
INV-H3-000716,1,Low Confidence Mapping,1073925,1461455,0.0
INV-H3-000717,1,Low Confidence Mapping,2620425,4154396,0.0
INV-H3-000718,1,Low Confidence Mapping,2655100,3895001,0.0
INV-H3-000719,1,Low Confidence Mapping,150050,1412244,0.0
INV-H3-000720,1,Low Confidence Mapping,1664575,2304088,0.0
INV-H3-000721,1,Low Confidence Mapping,3497300,4519168,0.0
INV-H3-000722,1,Low Confidence Mapping,2262325,2691831,0.0
INV-H3-000723,1,Low Confidence Mapping,845175,3834659,0.0
INV-H3-000724,1,Low Confidence Mapping,1209600,2629947,0.0
INV-H3-000725,1,Low Confidence Mapping,970775,2153261,0.0
INV-H3-000726,1,Low Confidence Mapping,1795500,2659547,0.0
INV-H3-000727,1,Low Confidence Mapping,1388025,2743756,0.0
INV-H3-000728,1,Low Confidence Mapping,2397550,3578751,0.0
INV-H3-000729,1,Low Confidence Mapping,2000150,3475503,0.0
INV-H3-000730,1,Low Confidence Mapping,2924825,4427478,0.0
INV-H3-000731,1,Low Confidence Mapping,1149800,1111588,0.0
INV-H3-000732,1,Low Confidence Mapping,1200875,2789905,0.0
INV-H3-000733,1,Low Confidence Mapping,651725,3593776,0.0
INV-H3-000734,1,Low Confidence Mapping,0,537271,0.0
INV-H3-000735,1,Low Confidence Mapping,1472125,3087663,0.0
INV-H3-000736,1,Low Confidence Mapping,1971925,3137830,0.0
INV-H3-000737,1,Low Confidence Mapping,846400,3064153,0.0
INV-H3-000738,1,Low Confidence Mapping,792775,2919602,0.0
INV-H3-000739,1,Low Confidence Mapping,3662175,4242242,0.0
INV-H3-000740,1,Low Confidence Mapping,329350,602853,0.0
INV-H3-000741,1,Low Confidence Mapping,2027150,2915819,0.0
INV-H3-000742,1,Low Confidence Mapping,1428250,3466104,0.0
INV-H3-000743,1,Low Confidence Mapping,2875800,3790418,0.0
INV-H3-000744,1,Low Confidence Mapping,3706400,4264192,0.0
INV-H3-000745,1,Low Confidence Mapping,423525,706010,0.0
INV-H3-000746,1,Low Confidence Mapping,163800,381317,0.0
INV-H3-000747,1,Low Confidence Mapping,1225400,1574386,0.0
INV-H3-000748,1,Low Confidence Mapping,863000,1554665,0.0
INV-H3-000749,1,Low Confidence Mapping,1221650,3780850,0.0
INV-H3-000750,1,Low Confidence Mapping,2866100,4599898,0.0
INV-H3-000751,1,Low Confidence Mapping,655525,5760591,0.0
INV-H3-000752,1,Low Confidence Mapping,1505100,2701313,0.0
INV-H3-000753,1,Low Confidence Mapping,3625150,3093941,0.0
INV-H3-000754,1,Low Confidence Mapping,1643250,1819057,0.0
INV-H3-000755,1,Low Confidence Mapping,2080675,3156586,0.0
INV-H3-000756,1,Underbilled,2692850,2393158,0.61
INV-H3-000757,1,Low Confidence Mapping,615800,1771249,0.0
INV-H3-000758,1,Low Confidence Mapping,3834775,5260560,0.0
INV-H3-000759,1,Low Confidence Mapping,1411850,2342309,0.0
INV-H3-000760,1,Low Confidence Mapping,673200,724790,0.0
INV-H3-000761,1,Low Confidence Mapping,2679050,4257105,0.0
INV-H3-000762,1,Low Confidence Mapping,1292250,3759713,0.0
INV-H3-000763,1,Low Confidence Mapping,915000,930293,0.0
INV-H3-000764,1,Low Confidence Mapping,1407700,3031701,0.0
INV-H3-000765,1,Low Confidence Mapping,1047000,1784079,0.0
INV-H3-000766,1,Low Confidence Mapping,1218250,2357378,0.0
INV-H3-000767,1,Low Confidence Mapping,569975,1823255,0.0
INV-H3-000768,1,Low Confidence Mapping,2327175,2840599,0.0
INV-H3-000769,1,Low Confidence Mapping,428150,881425,0.0
INV-H3-000770,1,Low Confidence Mapping,537700,618253,0.0
INV-H3-000771,1,Low Confidence Mapping,1936200,3494704,0.0
INV-H3-000772,1,Low Confidence Mapping,3247425,3024830,0.0
INV-H3-000773,1,Low Confidence Mapping,3474875,4715934,0.0
INV-H3-000774,1,Low Confidence Mapping,620900,1183376,0.0
INV-H3-000775,1,Low Confidence Mapping,2737475,3676865,0.0
INV-H3-000776,1,Low Confidence Mapping,674225,2524245,0.0
INV-H3-000777,1,Low Confidence Mapping,4217325,6149897,0.0
INV-H3-000778,1,Low Confidence Mapping,1568950,2455565,0.0
INV-H3-000779,1,Low Confidence Mapping,1761075,1751701,0.0
INV-H3-000780,1,Low Confidence Mapping,1944650,2384030,0.0
INV-H3-000781,1,Low Confidence Mapping,1581400,2969025,0.0
INV-H3-000782,1,Low Confidence Mapping,3490500,4628823,0.0
INV-H3-000783,1,Low Confidence Mapping,1341225,2018521,0.0
INV-H3-000784,1,Low Confidence Mapping,2262675,3651635,0.0
INV-H3-000785,1,Low Confidence Mapping,1649000,2366751,0.0
INV-H3-000786,1,Low Confidence Mapping,1731200,2554654,0.0
INV-H3-000787,1,Low Confidence Mapping,3140025,4234549,0.0
INV-H3-000788,1,Low Confidence Mapping,1191225,3407112,0.0
INV-H3-000789,1,Low Confidence Mapping,951175,1888897,0.0
INV-H3-000790,1,Low Confidence Mapping,156450,2284197,0.0
INV-H3-000791,1,Low Confidence Mapping,2625700,3873519,0.0
INV-H3-000792,1,Low Confidence Mapping,332825,873775,0.0
INV-H3-000793,1,Low Confidence Mapping,1852025,2536612,0.0
INV-H3-000794,1,Low Confidence Mapping,671625,1424664,0.0
INV-H3-000795,1,Low Confidence Mapping,982800,2317885,0.0
INV-H3-000796,1,Low Confidence Mapping,1857375,2636844,0.0
INV-H3-000797,1,Overbilled,932400,967300,0.62
INV-H3-000798,1,Low Confidence Mapping,1201950,2932721,0.0
INV-H3-000799,1,Low Confidence Mapping,4875600,6406346,0.0
INV-H3-000800,1,Low Confidence Mapping,1584375,5046666,0.0
INV-H3-000801,1,Low Confidence Mapping,972500,3379755,0.0
INV-H3-000802,1,Low Confidence Mapping,501125,760223,0.0
INV-H3-000803,1,Low Confidence Mapping,1589250,3222887,0.0
INV-H3-000804,1,Low Confidence Mapping,1894175,2767967,0.0
INV-H3-000805,1,Low Confidence Mapping,1517825,3710659,0.0
INV-H3-000806,1,Low Confidence Mapping,1654000,3278600,0.0
INV-H3-000807,1,Low Confidence Mapping,875025,1858924,0.0
INV-H3-000808,1,Low Confidence Mapping,1573125,1261397,0.0
INV-H3-000809,1,Low Confidence Mapping,2961800,3215321,0.0
INV-H3-000810,1,Underbilled,662375,630689,0.67
INV-H3-000811,1,Low Confidence Mapping,938100,1836130,0.0
INV-H3-000812,1,Low Confidence Mapping,168000,1244190,0.0
INV-H3-000813,1,Low Confidence Mapping,2056900,3923990,0.0
INV-H3-000814,1,Low Confidence Mapping,2586725,3200185,0.0
INV-H3-000815,1,Low Confidence Mapping,2292025,3254914,0.0
INV-H3-000816,1,Low Confidence Mapping,2580275,2623469,0.0
INV-H3-000817,1,Low Confidence Mapping,2610500,3315287,0.0
INV-H3-000818,1,Low Confidence Mapping,3814175,5275580,0.0
INV-H3-000819,1,Low Confidence Mapping,890975,2291285,0.0
INV-H3-000820,1,Low Confidence Mapping,1148450,1426437,0.0
INV-H3-000821,1,Low Confidence Mapping,2243975,2767982,0.0
INV-H3-000822,1,Low Confidence Mapping,1431475,1850345,0.0
INV-H3-000823,1,Low Confidence Mapping,1198500,1198551,0.0
INV-H3-000824,1,Low Confidence Mapping,3961500,4118783,0.0
INV-H3-000825,1,Low Confidence Mapping,866400,1304445,0.0
INV-H3-000826,1,Low Confidence Mapping,2226850,3377308,0.0
INV-H3-000827,1,Low Confidence Mapping,2235125,3548057,0.0
INV-H3-000828,1,Low Confidence Mapping,296250,970340,0.0
INV-H3-000829,1,Low Confidence Mapping,1284100,1971132,0.0
INV-H3-000830,1,Low Confidence Mapping,4260575,5252450,0.0
INV-H3-000831,1,Low Confidence Mapping,1243625,1894994,0.0
INV-H3-000832,1,Low Confidence Mapping,1182450,2325283,0.0
INV-H3-000833,1,Low Confidence Mapping,2445525,5333990,0.0
INV-H3-000834,1,Low Confidence Mapping,1574325,3370659,0.0
INV-H3-000835,1,Low Confidence Mapping,572325,3258589,0.0
INV-H3-000836,1,Low Confidence Mapping,1690950,1929960,0.0
INV-H3-000837,1,Low Confidence Mapping,1101100,932171,0.0
INV-H3-000838,1,Low Confidence Mapping,378925,1182311,0.0
INV-H3-000839,1,Low Confidence Mapping,3290050,3975071,0.0
INV-H3-000840,1,Low Confidence Mapping,925225,2198182,0.0
INV-H3-000841,1,Low Confidence Mapping,1318300,2222152,0.0
INV-H3-000842,1,Low Confidence Mapping,1360050,2783025,0.0
INV-H3-000843,1,Low Confidence Mapping,698800,1235319,0.0
INV-H3-000844,1,Low Confidence Mapping,2979825,3364487,0.0
INV-H3-000845,1,Low Confidence Mapping,1721325,2708497,0.0
INV-H3-000846,1,Low Confidence Mapping,1863925,4669641,0.0
INV-H3-000847,1,Low Confidence Mapping,1514500,2082753,0.0
INV-H3-000848,1,Low Confidence Mapping,2920350,4710941,0.0
INV-H3-000849,1,Low Confidence Mapping,1976475,2600044,0.0
INV-H3-000850,1,Low Confidence Mapping,3274725,5026295,0.0
INV-H3-000851,1,Low Confidence Mapping,2764725,3261972,0.0
INV-H3-000852,1,Low Confidence Mapping,1431650,2188525,0.0
INV-H3-000853,1,Low Confidence Mapping,94400,750465,0.0
INV-H3-000854,1,Low Confidence Mapping,952275,1300618,0.0
INV-H3-000855,1,Low Confidence Mapping,35250,598343,0.0
INV-H3-000856,1,Low Confidence Mapping,2311600,4388325,0.0
INV-H3-000857,1,Low Confidence Mapping,2310575,4031755,0.0
INV-H3-000858,1,Low Confidence Mapping,3759625,4117434,0.0
INV-H3-000859,1,Low Confidence Mapping,455950,929398,0.0
INV-H3-000860,1,Low Confidence Mapping,1491975,1550156,0.0
INV-H3-000861,1,Low Confidence Mapping,1725550,2950086,0.0
INV-H3-000862,1,Low Confidence Mapping,2442000,4316227,0.0
INV-H3-000863,1,Low Confidence Mapping,465225,657175,0.0
INV-H3-000864,1,Low Confidence Mapping,2580525,4957347,0.0
INV-H3-000865,1,Low Confidence Mapping,1288650,2180620,0.0
INV-H3-000866,1,Low Confidence Mapping,1583950,2501760,0.0
INV-H3-000867,1,Low Confidence Mapping,2484875,3723227,0.0
INV-H3-000868,1,Low Confidence Mapping,2462825,3319399,0.0
INV-H3-000869,1,Low Confidence Mapping,775775,1768443,0.0
INV-H3-000870,1,Low Confidence Mapping,1357150,2075936,0.0
INV-H3-000871,1,Low Confidence Mapping,1332925,3470455,0.0
INV-H3-000872,1,Low Confidence Mapping,2437400,5207506,0.0
INV-H3-000873,1,Low Confidence Mapping,2960125,4007328,0.0
INV-H3-000874,1,Low Confidence Mapping,1369900,3229314,0.0
INV-H3-000875,1,Low Confidence Mapping,3329825,3748325,0.0
INV-H3-000876,1,Low Confidence Mapping,2134400,3476986,0.0
INV-H3-000877,1,Low Confidence Mapping,1535100,3062855,0.0
INV-H3-000878,1,Low Confidence Mapping,3393650,3762504,0.0
INV-H3-000879,1,Low Confidence Mapping,1744025,3718750,0.0
INV-H3-000880,1,Low Confidence Mapping,2119400,2894238,0.0
INV-H3-000881,1,Low Confidence Mapping,565775,1632800,0.0
INV-H3-000882,1,Low Confidence Mapping,558350,1770462,0.0
INV-H3-000883,1,Low Confidence Mapping,1346500,1765247,0.0
INV-H3-000884,1,Low Confidence Mapping,2249275,3148530,0.0
INV-H3-000885,1,Low Confidence Mapping,432425,2107517,0.0
INV-H3-000886,1,Low Confidence Mapping,3378200,4669482,0.0
INV-H3-000887,1,Low Confidence Mapping,2410300,3561548,0.0
INV-H3-000888,1,Low Confidence Mapping,634375,813251,0.0
INV-H3-000889,1,Low Confidence Mapping,714300,1053370,0.0
INV-H3-000890,1,Low Confidence Mapping,238200,585236,0.0
INV-H3-000891,1,Low Confidence Mapping,1777050,3024155,0.0
INV-H3-000892,1,Low Confidence Mapping,908100,1009674,0.0
INV-H3-000893,1,Underbilled,3447425,3387265,0.63
INV-H3-000894,1,Low Confidence Mapping,1961950,2610416,0.0
INV-H3-000895,1,Low Confidence Mapping,869575,1329656,0.0
INV-H3-000896,1,Low Confidence Mapping,1758925,2155380,0.0
INV-H3-000897,1,Low Confidence Mapping,1539050,2833994,0.0
INV-H3-000898,1,Low Confidence Mapping,1507050,3808756,0.0
INV-H3-000899,1,Low Confidence Mapping,811550,1543629,0.0
INV-H3-000900,1,Low Confidence Mapping,1640150,2769562,0.0
INV-H3-000901,1,Low Confidence Mapping,1471725,2043225,0.0
INV-H3-000902,1,Low Confidence Mapping,915000,1562901,0.0
INV-H3-000903,1,Low Confidence Mapping,736375,2067395,0.0
INV-H3-000904,1,Low Confidence Mapping,1475175,2428975,0.0
INV-H3-000905,1,Low Confidence Mapping,1651325,3125341,0.0
INV-H3-000906,1,Low Confidence Mapping,2682900,4013496,0.0
INV-H3-000907,1,Low Confidence Mapping,784100,951492,0.0
INV-H3-000908,1,Low Confidence Mapping,2199550,3555714,0.0
INV-H3-000909,1,Low Confidence Mapping,948650,922816,0.0
INV-H3-000910,1,Low Confidence Mapping,1710000,2491406,0.0
INV-H3-000911,1,Low Confidence Mapping,2854425,3501125,0.0
INV-H3-000912,1,Low Confidence Mapping,1768575,2291674,0.0
INV-H3-000913,1,Low Confidence Mapping,964275,2594630,0.0
INV-H3-000914,1,Low Confidence Mapping,1530875,2567199,0.0
INV-H3-000915,1,Low Confidence Mapping,1157075,2276481,0.0
INV-H3-000916,1,Low Confidence Mapping,1803525,2426045,0.0
INV-H3-000917,1,Low Confidence Mapping,1678025,3381300,0.0
INV-H3-000918,1,Low Confidence Mapping,1319725,4167031,0.0
INV-H3-000919,1,Low Confidence Mapping,1771075,3767997,0.0
INV-H3-000920,1,Low Confidence Mapping,2743575,3225018,0.0
INV-H3-000921,1,Low Confidence Mapping,1430750,2818319,0.0
INV-H3-000922,1,Low Confidence Mapping,2643900,4305802,0.0
INV-H3-000923,1,Low Confidence Mapping,1716975,2013042,0.0
INV-H3-000924,1,Low Confidence Mapping,2269025,3415747,0.0
INV-H3-000925,1,Low Confidence Mapping,2604250,4378954,0.0
INV-H3-000926,1,Low Confidence Mapping,3104000,4230770,0.0
INV-H3-000927,1,Low Confidence Mapping,2882050,5884230,0.0
INV-H3-000928,1,Low Confidence Mapping,3393525,4661382,0.0
INV-H3-000929,1,Low Confidence Mapping,1276700,1543690,0.0
INV-H3-000930,1,Low Confidence Mapping,1844700,2183668,0.0
INV-H3-000931,1,Low Confidence Mapping,573675,876385,0.0
INV-H3-000932,1,Low Confidence Mapping,2138625,2288377,0.0
INV-H3-000933,1,Low Confidence Mapping,1074600,1504813,0.0
INV-H3-000934,1,Low Confidence Mapping,380950,887050,0.0
INV-H3-000935,1,Low Confidence Mapping,2943375,4316041,0.0
INV-H3-000936,1,Low Confidence Mapping,2111650,3110365,0.0
INV-H3-000937,1,Low Confidence Mapping,832525,2073634,0.0
INV-H3-000938,1,Low Confidence Mapping,2694875,3317874,0.0
INV-H3-000939,1,Low Confidence Mapping,804725,1461575,0.0
